case_group	record_id	genome	source	label	length	mp_fragment_probability	ga_fragment_probability	ga_genome_probability	ga_attention_weight	ga_attention_rank	genomad_class	genomad_score	genomad_hallmark_count	viral_marker_density	plasmid_marker_density	cellular_marker_density	checkv_quality	checkv_completeness
both_correct_control	frag_d8a0c6947aee6160ab3a	virus__NC_023698.1	virus	Duplodnaviria	469	0.984375	0.7581526637077332	0.58056640625	1	1	virus	0.7675	0.0	0.0	0.0	0.0	Low-quality	0.86
both_correct_control	frag_bfa753833b060822517c	virus__NC_047774.1	virus	Duplodnaviria	1565	1.0	0.9993857145309448	0.99853515625	1	1	virus	0.8555	1.0	0.6389776357827476	0.0	0.0	Low-quality	3.95
both_correct_control	frag_1376b48f3853c5be7130	virus__NC_042318.1	virus	Duplodnaviria	382	0.953125	0.5314829349517822	0.546875	1	1	virus	0.9010	0.0	2.6178010471204187	0.0	0.0	Low-quality	0.5
both_correct_control	frag_3320df7fe454a3512ed5	virus__NC_027356.1	virus	Duplodnaviria	1917	0.99951171875	0.8683809638023376	0.69287109375	1	1	virus	0.9623	0.0	1.0432968179447053	0.0	0.0	Low-quality	1.61
both_correct_control	frag_43f7710f020a7d399342	virus__NC_027204.1	virus	Duplodnaviria	772	0.99951171875	0.9960237741470337	0.986328125	1	1	plasmid	0.6326	0.0	1.2953367875647668	0.0	0.0	Low-quality	0.37
both_correct_control	frag_d9f5a307781c32717b85	virus__NC_047823.1	virus	Duplodnaviria	640	0.9990234375	0.9989677667617798	0.99755859375	1	1	virus	0.9684	0.0	3.125	0.0	0.0	Low-quality	1.27
both_correct_control	frag_56053da202f41fda01f6	virus__NC_055708.1	virus	Duplodnaviria	611	0.98974609375	0.769946277141571	0.56005859375	1	1	virus	0.9739	2.0	3.2733224222585924	0.0	0.0	Low-quality	0.36
both_correct_control	frag_d017909bcef79eba8df1	virus__NC_054426.1	virus	Duplodnaviria	1715	0.99951171875	0.9981178045272827	0.99658203125	1	1	virus	0.9695	1.0	1.749271137026239	0.0	0.0	Low-quality	3.56
both_correct_control	frag_7a270d1aa26b37edb509	virus__NC_041915.1	virus	Duplodnaviria	476	0.99609375	0.9957020878791809	0.9921875	1	1	virus	0.9676	0.0	2.100840336134454	0.0	0.0	Low-quality	1.15
both_correct_control	frag_5d144ef249d3d1813efa	virus__NC_042113.1	virus	Duplodnaviria	1034	0.9931640625	0.9518632292747498	0.916015625	1	1	virus	0.6825	0.0	0.0	0.0	0.0	Low-quality	1.11
both_correct_control	frag_4aba20f034f67aaedb76	virus__NC_047899.1	virus	Duplodnaviria	607	0.9990234375	0.9979332685470581	0.99658203125	1	1	virus	0.7798	1.0	1.6474464579901154	0.0	0.0	Not-determined	NA
both_correct_control	frag_9eeb10e9983c2d55967d	virus__NC_028825.1	virus	Duplodnaviria	1131	1.0	0.9991374015808105	0.99853515625	1	1	virus	0.9336	1.0	0.8841732979664014	0.0	0.0	Low-quality	1.3
both_correct_control	frag_afed9e549c9071233da5	virus__NC_042319.1	virus	Duplodnaviria	1598	1.0	0.9995986819267273	0.9990234375	1	1	virus	0.9688	0.0	1.2515644555694618	0.0	0.0	Low-quality	2.65
both_correct_control	frag_d14afeefaa70dba5278f	virus__NC_020874.1	virus	Duplodnaviria	702	0.994140625	0.7194821834564209	0.6591796875	1	1	virus	0.8787	0.0	1.4245014245014247	0.0	0.0	Low-quality	1.73
both_correct_control	frag_ee59907c797bb9fda0d6	virus__NC_053236.1	virus	Duplodnaviria	347	0.9990234375	0.9988395571708679	0.9970703125	1	1	virus	0.9548	0.0	2.8818443804034586	0.0	0.0	Low-quality	0.62
both_correct_control	frag_5719a47145f7df64076f	virus__NC_019407.1	virus	Duplodnaviria	876	0.99658203125	0.9960545301437378	0.98974609375	1	1	virus	0.9645	0.0	2.2831050228310503	0.0	0.0	Low-quality	0.38
both_correct_control	frag_3cb14711bfbaefb3c23d	virus__NC_031124.1	virus	Duplodnaviria	540	1.0	0.9997085928916931	0.9990234375	1	1	virus	0.9486	0.0	1.8518518518518516	0.0	0.0	Low-quality	0.71
both_correct_control	frag_0448a0a49d4df1f8c5b5	virus__NC_027387.1	virus	Duplodnaviria	1562	0.99951171875	0.9986541271209717	0.99755859375	1	1	virus	0.9524	0.0	0.6402048655569782	0.0	0.0	Low-quality	4.02
both_correct_control	frag_2037e599e90df2577bbf	virus__NC_023154.1	virus	SmallRealm	494	0.9482421875	0.8125700354576111	0.65869140625	1	1	virus	0.7105	0.0	0.0	0.0	0.0	Low-quality	6.63
both_correct_control	frag_a59d15afd4730a5faade	virus__NC_038971.1	virus	SmallRealm	325	0.99951171875	0.9996140599250793	0.9990234375	1	1	virus	0.5391	0.0	0.0	0.0	0.0	Not-determined	NA
both_correct_control	frag_b1f0e295c4dcf79aa539	virus__NC_017004.1	virus	SmallRealm	467	0.9990234375	0.998095691204071	0.9951171875	1	1	virus	0.9687	1.0	2.141327623126338	0.0	0.0	Low-quality	14.91
both_correct_control	frag_c89878c5fb13866dd009	virus__NC_003645.1	virus	SmallRealm	898	0.9921875	0.9639838933944702	0.9267578125	1	1	virus	0.6291	0.0	0.0	0.0	0.0	Low-quality	11.37
both_correct_control	frag_0c0d7079b339dc46e9ad	virus__NC_055613.1	virus	SmallRealm	761	0.994140625	0.9952077269554138	0.9853515625	1	1	virus	0.6887	0.0	0.0	0.0	0.0	Low-quality	9.67
both_correct_control	frag_07a320b190bf1948c1b6	virus__NC_006015.1	virus	Riboviria	558	0.99755859375	0.9992563128471375	0.99853515625	1	1	virus	0.9695	0.0	1.7921146953405016	0.0	0.0	Low-quality	2.9
both_correct_control	frag_2556d52ecf053ee37819	virus__NC_015135.1	virus	Riboviria	1138	0.626953125	0.9975939393043518	0.99169921875	1	1	virus	0.9722	1.0	0.8787346221441126	0.0	0.0	Low-quality	4.86
both_correct_control	frag_176db0991d3f71567e72	virus__NC_025841.1	virus	Riboviria	1004	0.99462890625	0.9979007244110107	0.9931640625	1	1	virus	0.5832	0.0	0.0	0.0	0.0	Low-quality	3.05
both_correct_control	frag_03484ffdaef15b101e9b	virus__NC_003024.1	virus	Riboviria	1036	0.986328125	0.9971771240234375	0.9931640625	1	1	virus	0.8309	0.0	0.0	0.0	0.0	Low-quality	4.17
both_correct_control	frag_180eae411509e91fec2c	virus__NC_007746.1	virus	Riboviria	705	0.99560546875	0.997166097164154	0.9912109375	1	1	virus	0.6985	0.0	0.0	0.0	0.0	Low-quality	3.38
both_correct_control	frag_5369326355ed2ab2d28f	virus__NC_003553.1	virus	SmallRealm	345	0.998046875	0.9993638396263123	0.99755859375	1	1	virus	0.4877	0.0	0.0	0.0	0.0	Not-determined	NA
both_correct_control	frag_0fc9fc334ac2810f5170	virus__NC_003683.1	virus	SmallRealm	325	0.97998046875	0.8996515870094299	0.64501953125	1	1	NA	NA	0.0	0.0	0.0	0.0	Not-determined	NA
both_correct_control	frag_da389f5c0b97aa5b2e74	virus__NC_030226.1	virus	SmallRealm	526	0.99951171875	0.9939024448394775	0.98193359375	1	1	virus	0.9403	1.0	1.9011406844106462	0.0	0.0	Low-quality	12.64
both_correct_control	frag_306a7b268c6638a64499	bacteria__GCF_000340905.1_ASM34090v1	bacteria	bacteria	1393	0.0816650390625	0.16735471785068512	0.322265625	1	1	virus	0.4946	0.0	0.0	0.0	0.0	Not-determined	NA
both_correct_control	frag_88255a2eb1994af36441	bacteria__GCF_000364725.1_ASM36472v1	bacteria	bacteria	1266	0.0823974609375	0.000398213102016598	0.004810333251953125	1	1	NA	NA	0.0	0.0	0.0	0.0	NA	NA
both_correct_control	frag_2cb66d82dfd83eabb540	bacteria__GCF_013008635.1_ASM1300863v1	bacteria	bacteria	1996	0.2340087890625	0.012241275049746037	0.06451416015625	1	1	virus	0.5450	0.0	0.501002004008016	0.0	0.0	Not-determined	NA
both_correct_control	frag_386fa592d133400e93c9	plasmid__NZ_JAAEVJ010000006.1	plasmid	plasmid	521	0.0009660720825195312	0.00020988310279790312	0.0005035400390625	1	1	virus	0.3968	0.0	0.0	0.0	0.0	Not-determined	NA
both_correct_control	frag_a80d6f19b4d677bd9b19	plasmid__NZ_JAAEVH010000042.1	plasmid	plasmid	544	0.0009474754333496094	0.0001823546044761315	0.0005297660827636719	1	1	virus	0.4477	0.0	0.0	0.0	0.0	Not-determined	NA
both_correct_control	frag_c8d15e24d762b689f7b7	plasmid__NZ_JABXQG010000003.1	plasmid	plasmid	1209	0.0032482147216796875	0.000263238325715065	0.0007319450378417969	1	1	plasmid	0.9848	0.0	0.0	0.8271298593879238	0.0	NA	NA
both_correct_control	frag_8b0b34c0b23ec179ae36	plasmid__NZ_JABXPX010000002.1	plasmid	plasmid	503	0.0191192626953125	0.0002305067318957299	0.0006985664367675781	1	1	NA	NA	0.0	0.0	0.0	0.0	NA	NA
both_correct_control	frag_ec3fe5e2413c556ce632	plasmid__NZ_ABCW02000010.1	plasmid	plasmid	716	0.18115234375	0.0003569706459529698	0.0012941360473632812	1	1	plasmid	0.9911	0.0	0.0	1.3966480446927374	0.0	NA	NA
both_correct_control	frag_b5895dcd0f43677983ad	plasmid__NZ_LVYK01000036.1	plasmid	plasmid	727	0.01142120361328125	0.00023597174731548876	0.001129150390625	1	1	plasmid	0.4045	0.0	0.0	0.0	0.0	NA	NA
both_correct_control	frag_48f8895ddf1a01cd7c21	plasmid__NZ_JAFIQE010000008.1	plasmid	plasmid	1051	0.01751708984375	0.00028021098114550114	0.00206756591796875	1	1	plasmid	0.6177	0.0	0.0	0.0	0.0	NA	NA
both_correct_control	frag_9faf7473aa7bbce52a99	plasmid__NZ_AEYE02000033.1	plasmid	plasmid	1674	0.00013446807861328125	0.00017813111480791122	0.000583648681640625	1	1	plasmid	0.7157	0.0	0.0	0.0	0.5973715651135006	NA	NA
both_correct_control	frag_04461ba57d6e93bfaeb8	plasmid__NZ_CZCZ02000002.1	plasmid	plasmid	578	0.0117340087890625	0.00023782203788869083	0.0006823539733886719	1	1	virus	0.6770	0.0	0.0	0.0	0.0	Not-determined	NA
both_correct_control	frag_81172f94c0541436cd60	plasmid__NZ_AESC02000110.1	plasmid	plasmid	1149	0.0222930908203125	0.00021654405281879008	0.0007381439208984375	1	1	plasmid	0.5511	0.0	0.0	0.0	0.0	NA	NA
both_correct_control	frag_7ca6c263e5f7053b2403	plasmid__NZ_NOWT01000032.1	plasmid	plasmid	1572	0.00023055076599121094	0.00019716942915692925	0.0005817413330078125	1	1	plasmid	0.5565	0.0	0.0	0.0	0.0	NA	NA
both_correct_control	frag_5b8fa0ab1de39f9327b6	plasmid__NZ_RRMP01000126.1	plasmid	plasmid	1244	0.003429412841796875	0.00020988310279790312	0.0007381439208984375	1	1	plasmid	0.6718	0.0	0.0	0.0	0.0	NA	NA
both_correct_control	frag_c05c0f3080b5e75fc1a5	plasmid__NZ_JADQDK010000002.1	plasmid	plasmid	1668	0.00014197826385498047	0.0002472934720572084	0.0006046295166015625	1	1	plasmid	0.7917	0.0	0.0	0.5995203836930456	0.0	NA	NA
both_correct_control	frag_eabd5485a380d6f6306b	plasmid__NZ_JAKRKC020000007.1	plasmid	plasmid	706	0.00634002685546875	0.0004994205082766712	0.0021648406982421875	1	1	NA	NA	0.0	0.0	0.0	0.0	NA	NA
both_correct_control	frag_a41095367238f77ed4b0	plasmid__NZ_WTXS01000144.1	plasmid	plasmid	329	0.0016231536865234375	0.00017674513219390064	0.0005660057067871094	1	1	NA	NA	0.0	0.0	0.0	0.0	NA	NA
both_correct_control	frag_32faf45c8826b617f410	plasmid__NZ_AFEJ02000014.1	plasmid	plasmid	648	0.023956298828125	0.000191104321856983	0.0011243820190429688	1	1	plasmid	0.6435	0.0	0.0	0.0	1.5432098765432098	NA	NA
both_correct_control	frag_b668430cc1f1af053cc1	plasmid__NZ_ALIG01000010.1	plasmid	plasmid	917	0.007694244384765625	0.00020502213737927377	0.0006265640258789062	1	1	plasmid	0.9474	0.0	0.0	1.0905125408942202	0.0	NA	NA
both_correct_control	frag_bcab4e3375af0a698026	plasmid__NZ_AKVW01000004.1	plasmid	plasmid	1797	9.995698928833008e-05	0.0001956353517016396	0.0005359649658203125	1	1	plasmid	0.5367	0.0	0.0	0.0	0.5564830272676684	NA	NA
both_correct_control	frag_b8048267a05ac018ed59	plasmid__NZ_JAOZJM010000003.1	plasmid	plasmid	413	0.0035114288330078125	0.00017536994710098952	0.0008459091186523438	1	1	virus	0.5899	0.0	0.0	0.0	0.0	Not-determined	NA
both_correct_control	frag_138192056f25488d2a0c	plasmid__NC_017484.1	plasmid	plasmid	1532	0.01302337646484375	0.00024536947603337467	0.0016107559204101562	1	1	plasmid	0.6903	0.0	0.0	0.0	0.0	NA	NA
both_correct_control	frag_776fe5141eb60baac1f0	plasmid__NZ_CM009923.1	plasmid	plasmid	1494	0.0005617141723632812	0.0002305067318957299	0.0007672309875488281	1	1	plasmid	0.7258	0.0	0.0	0.0	0.0	NA	NA
both_correct_control	frag_6fb82b34b37785bc2c78	plasmid__NZ_MN336501.1	plasmid	plasmid	1428	0.021575927734375	0.00019716942915692925	0.0008525848388671875	1	1	plasmid	0.8937	0.0	0.0	0.0	0.0	NA	NA
both_correct_control	frag_d997e061e2226bd26a6c	plasmid__NZ_CP102988.1	plasmid	plasmid	584	0.0033245086669921875	0.0001823546044761315	0.0005273818969726562	1	1	virus	0.5063	0.0	0.0	0.0	0.0	Not-determined	NA
both_correct_control	frag_7daf615e3b6646cd9a86	plasmid__NZ_CP051532.1	plasmid	plasmid	1049	0.08331298828125	0.0004060639475937933	0.0015010833740234375	1	1	plasmid	0.4976	0.0	0.0	0.0	0.0	NA	NA
both_correct_control	frag_137f1849914d83e65efe	plasmid__NZ_CP010894.1	plasmid	plasmid	801	0.05511474609375	0.0012843081494793296	0.00600433349609375	1	1	plasmid	0.9528	0.0	0.0	1.2484394506866416	0.0	NA	NA
both_correct_control	frag_36ceded57d66ac3bd857	plasmid__NZ_CP078112.1	plasmid	plasmid	447	0.0191192626953125	0.0002982776495628059	0.0007853507995605469	1	1	NA	NA	0.0	0.0	0.0	0.0	NA	NA
both_correct_control	frag_e4642f99dd974c6c8ffb	plasmid__NZ_CP083543.1	plasmid	plasmid	302	0.00579833984375	0.00016997529019135982	0.000583648681640625	1	1	virus	0.4508	0.0	0.0	0.0	0.0	Not-determined	NA
both_correct_control	frag_fa9594e237810e190936	plasmid__NZ_CP081065.1	plasmid	plasmid	572	0.002368927001953125	0.0001852257555583492	0.0005483627319335938	1	1	NA	NA	0.0	0.0	1.7482517482517483	0.0	NA	NA
both_correct_control	frag_c847e12cb857bb9d8257	plasmid__NZ_CP081172.1	plasmid	plasmid	339	0.1868896484375	0.0007702931761741638	0.005218505859375	1	1	virus	0.5110	0.0	0.0	0.0	0.0	Not-determined	NA
both_correct_control	frag_9e8a05886bcb320cc1c3	plasmid__NZ_CP033802.1	plasmid	plasmid	403	0.0079345703125	0.00020342697098385543	0.0004839897155761719	1	1	plasmid	0.9901	1.0	0.0	4.962779156327543	0.0	NA	NA
both_correct_control	frag_a041df8bf2b5fc3f5057	plasmid__NZ_CP080595.1	plasmid	plasmid	1364	0.01512908935546875	0.0003611769643612206	0.001495361328125	1	1	plasmid	0.5219	0.0	0.0	0.0	0.0	NA	NA
both_correct_control	frag_5c67bd27dd7b38908ded	plasmid__NZ_CP060527.1	plasmid	plasmid	1587	0.05242919921875	0.00044770087697543204	0.0017137527465820312	1	1	plasmid	0.9848	0.0	0.0	0.630119722747322	0.0	NA	NA
both_correct_control	frag_911b5f5453d95fcd46ed	plasmid__NZ_CP033916.1	plasmid	plasmid	908	0.037200927734375	0.010130411945283413	0.06683349609375	1	1	virus	0.4075	0.0	0.0	0.0	0.0	Not-determined	NA
both_correct_control	frag_a0920bf91df595e1a4bb	plasmid__NZ_CP083270.1	plasmid	plasmid	735	0.03790283203125	0.00034196206252090633	0.0016107559204101562	1	1	NA	NA	0.0	0.0	0.0	1.3605442176870748	NA	NA
both_correct_control	frag_78726234ff2760673d1a	plasmid__NZ_CP104960.1	plasmid	plasmid	1336	0.021697998046875	0.00028462239424698055	0.0007791519165039062	1	1	plasmid	0.7040	0.0	0.0	0.0	0.0	NA	NA
both_correct_control	frag_857386e72b5f6bdfd7da	plasmid__NZ_CP076002.1	plasmid	plasmid	427	0.21337890625	0.002833849750459194	0.0117340087890625	1	1	virus	0.9151	0.0	2.34192037470726	0.0	0.0	Not-determined	NA
both_correct_control	frag_c0463dc0d5c65c194be3	plasmid__NZ_CP061864.1	plasmid	plasmid	1739	0.0048675537109375	0.0003711854515131563	0.0022335052490234375	1	1	plasmid	0.8711	0.0	0.0	0.5750431282346176	0.0	NA	NA
both_correct_control	frag_8d74b9b18bea1decdf7c	plasmid__NZ_CP050127.1	plasmid	plasmid	672	0.10015869140625	0.00041731575038284063	0.0016422271728515625	1	1	virus	0.6012	0.0	0.0	0.0	0.0	Not-determined	NA
both_correct_control	frag_768798149cef7fda6837	plasmid__NZ_CP099536.1	plasmid	plasmid	1974	0.01242828369140625	0.00020027377468068153	0.0005550384521484375	1	1	plasmid	0.6678	0.0	0.0	0.0	0.0	NA	NA
both_correct_control	frag_b21aaeb450a332858c23	plasmid__NZ_CP109825.1	plasmid	plasmid	1761	0.08154296875	0.000661517377011478	0.004398345947265625	1	1	plasmid	0.8557	0.0	0.0	0.0	0.0	NA	NA
both_correct_control	frag_78716a92ad57e641a148	plasmid__NC_009661.1	plasmid	plasmid	1689	0.0188751220703125	0.0009253848693333566	0.0068511962890625	1	1	plasmid	0.9791	1.0	0.0	0.5920663114268798	0.0	NA	NA
both_correct_control	frag_53f5371a8bb715a64758	plasmid__NZ_CP023479.1	plasmid	plasmid	1723	0.08929443359375	0.0013670255430042744	0.01146697998046875	1	1	plasmid	0.9869	0.0	0.0	1.1608241439349969	0.0	NA	NA
both_correct_control	frag_0457c30d636df5565adc	plasmid__NZ_LR697099.1	plasmid	plasmid	377	0.08050537109375	0.0003889921063091606	0.0012598037719726562	1	1	plasmid	0.9877	0.0	0.0	2.6525198938992043	0.0	NA	NA
both_correct_control	frag_d80c4cc6363f6b0be81e	plasmid__NZ_CP042975.1	plasmid	plasmid	1511	0.004886627197265625	0.00027372167096473277	0.001155853271484375	1	1	plasmid	0.8955	0.0	0.0	0.6618133686300464	0.0	NA	NA
both_correct_control	frag_3838279e5f7174a7c385	plasmid__NZ_CP110409.1	plasmid	plasmid	1715	0.216064453125	0.001987774157896638	0.01483917236328125	1	1	plasmid	0.9834	1.0	0.0	0.5830903790087463	0.0	NA	NA
both_correct_control	frag_106c83131e56a4999e88	plasmid__NZ_CP048667.1	plasmid	plasmid	359	0.0294189453125	0.00025514140725135803	0.0017337799072265625	1	1	virus	0.5562	0.0	0.0	0.0	0.0	Not-determined	NA
both_correct_control	frag_77ac6640abae9f4ea913	plasmid__NZ_CP031072.1	plasmid	plasmid	799	0.222412109375	0.0008559006964787841	0.0069580078125	1	1	virus	0.6676	0.0	0.0	0.0	0.0	Not-determined	NA
both_correct_control	frag_d0ca09de4213e79a4c85	plasmid__NZ_CP036119.1	plasmid	plasmid	756	0.0310211181640625	0.000191104321856983	0.0009288787841796875	1	1	virus	0.5738	0.0	0.0	0.0	0.0	Not-determined	NA
both_correct_control	frag_fc857046c2c9094b1b4b	plasmid__NZ_CP047842.1	plasmid	plasmid	318	0.41650390625	0.0009399438858963549	0.00518035888671875	1	1	NA	NA	0.0	0.0	0.0	0.0	NA	NA
both_correct_control	frag_d60297f667650379276f	plasmid__NZ_AP021954.1	plasmid	plasmid	878	0.0987548828125	0.0018243829254060984	0.01061248779296875	1	1	NA	NA	0.0	0.0	0.0	0.0	NA	NA
both_correct_control	frag_be1e1de9e74f6673290f	plasmid__NZ_CP073907.1	plasmid	plasmid	365	0.419677734375	0.00035281325108371675	0.0017070770263671875	1	1	NA	NA	0.0	0.0	0.0	0.0	NA	NA
both_correct_control	frag_a687ff24e88b2f1b64f1	plasmid__NZ_CP098717.1	plasmid	plasmid	1912	0.00025725364685058594	0.0001823546044761315	0.0005173683166503906	1	1	virus	0.8917	2.0	1.5690376569037658	0.0	0.0	Low-quality	5.41
both_correct_control	frag_cbb185150a74e725647f	plasmid__NZ_MN657103.1	plasmid	plasmid	787	0.458984375	0.0006512682302854955	0.004024505615234375	1	1	plasmid	0.6959	0.0	0.0	0.0	0.0	NA	NA
both_correct_control	frag_13674c1a44950676e647	plasmid__NZ_CP061381.1	plasmid	plasmid	1226	0.01073455810546875	0.00020342697098385543	0.0005660057067871094	1	1	plasmid	0.7976	0.0	0.0	0.8156606851549756	0.0	NA	NA
both_correct_control	frag_0d043259be619730f882	plasmid__NZ_CP081509.1	plasmid	plasmid	1794	0.0810546875	0.0015129384119063616	0.006744384765625	1	1	plasmid	0.9954	0.0	0.0	1.6722408026755853	0.0	NA	NA
both_correct_control	frag_9d0107cf5dc2bc34e20b	plasmid__NZ_CP083446.1	plasmid	plasmid	1401	0.009124755859375	0.0002591582597233355	0.0006933212280273438	1	1	plasmid	0.6017	0.0	0.0	0.0	0.0	NA	NA
both_correct_control	frag_f86b0f869c234a5c03bd	plasmid__NZ_CP086406.1	plasmid	plasmid	638	0.0229339599609375	0.0002780309587251395	0.0008425712585449219	1	1	plasmid	0.4030	0.0	0.0	0.0	0.0	NA	NA
both_correct_control	frag_d7cff7cbe200ece73dc9	plasmid__NZ_CP086384.1	plasmid	plasmid	1936	0.00345611572265625	0.00021485926117748022	0.0011339187622070312	1	1	NA	NA	0.0	0.0	0.0	0.5165289256198348	NA	NA
both_correct_control	frag_c744c3dc4c6bdd5a5eb3	plasmid__NZ_CP089048.1	plasmid	plasmid	1207	0.0002378225326538086	0.00022341636940836906	0.0010728836059570312	1	1	virus	0.4822	0.0	0.0	0.0	0.0	Not-determined	NA
both_correct_control	frag_ff749317df452a18f3f7	plasmid__NZ_CP089056.1	plasmid	plasmid	838	0.1983642578125	0.0004108485300093889	0.0031719207763671875	1	1	virus	0.5646	0.0	0.0	0.0	0.0	Not-determined	NA
both_correct_control	frag_d09ae293b7a8362ce991	plasmid__NZ_CP009446.1	plasmid	plasmid	864	0.19873046875	0.0009697519708424807	0.004230499267578125	1	1	plasmid	0.5455	0.0	0.0	0.0	0.0	NA	NA
both_correct_control	frag_37a6bd5b0d64648fc29b	plasmid__NZ_CP029334.1	plasmid	plasmid	1258	0.006389617919921875	0.0003625900426413864	0.0013456344604492188	1	1	plasmid	0.4458	0.0	0.0	0.0	0.0	NA	NA
both_correct_control	frag_ec5bca35d172a6ed895a	plasmid__NZ_CP090566.1	plasmid	plasmid	1740	0.007549285888671875	0.0018895386019721627	0.00885009765625	1	1	plasmid	0.6186	0.0	0.0	0.5747126436781609	0.0	NA	NA
both_correct_control	frag_54a62e070988a4ac9117	plasmid__NZ_CP010015.1	plasmid	plasmid	445	0.107421875	0.0010403185151517391	0.01358795166015625	1	1	NA	NA	0.0	0.0	0.0	0.0	NA	NA
both_correct_control	frag_627e27500ada06b23c0c	plasmid__NZ_LR135259.1	plasmid	plasmid	310	0.0007381439208984375	0.00025118677876889706	0.0008425712585449219	1	1	virus	0.5152	0.0	0.0	0.0	0.0	Not-determined	NA
both_correct_control	frag_2705a85033d0ad961b69	plasmid__NZ_LR217721.1	plasmid	plasmid	591	0.154052734375	0.00079783343244344	0.00701141357421875	1	1	plasmid	0.3560	0.0	0.0	0.0	0.0	NA	NA
both_correct_control	frag_e714c213b23b0bd828d6	plasmid__NC_006390.1	plasmid	plasmid	1083	0.0147857666015625	0.0011335690505802631	0.0090179443359375	1	1	virus	0.3715	0.0	0.0	0.0	0.0	Not-determined	NA
both_correct_control	frag_14846a85da1e8e34399f	plasmid__NZ_CP065636.1	plasmid	plasmid	370	0.01483917236328125	0.00026947917649522424	0.0009660720825195312	1	1	virus	0.6322	0.0	0.0	0.0	0.0	Not-determined	NA
both_correct_control	frag_a185d5a7306a133c8b0e	plasmid__NZ_CP013265.1	plasmid	plasmid	1211	0.0011510848999023438	0.00019411319226492196	0.0006265640258789062	1	1	plasmid	0.9839	2.0	0.0	1.6515276630883566	0.0	NA	NA
both_correct_control	frag_c5298e9a9cc48a0c9648	plasmid__NZ_CP013613.1	plasmid	plasmid	1531	0.01395416259765625	0.00032503585680387914	0.0011243820190429688	1	1	plasmid	0.4439	0.0	0.0	0.0	0.0	NA	NA
both_correct_control	frag_de21e2bee3d67c6b7a60	plasmid__NZ_CP015366.1	plasmid	plasmid	318	0.0185089111328125	0.0003301527467556298	0.0010528564453125	1	1	virus	0.5369	0.0	0.0	0.0	0.0	Not-determined	NA
both_correct_control	frag_e8c942fbe9e48b1d4581	plasmid__NZ_CP015073.1	plasmid	plasmid	738	0.04779052734375	0.000263238325715065	0.0007524490356445312	1	1	plasmid	0.9225	1.0	0.0	1.3550135501355014	0.0	NA	NA
both_correct_control	frag_5bb815bb8e13515df21f	plasmid__NZ_CP010886.1	plasmid	plasmid	771	0.0083770751953125	0.00041568948654457927	0.0012254714965820312	1	1	plasmid	0.4420	0.0	0.0	0.0	0.0	NA	NA
both_correct_control	frag_acd89d81ea437efc0c5a	plasmid__NZ_CP018448.1	plasmid	plasmid	461	0.1689453125	0.00032758430461399257	0.0012845993041992188	1	1	NA	NA	0.0	0.0	2.1691973969631237	0.0	NA	NA
both_correct_control	frag_e69f7747514817c901d2	plasmid__NZ_CP013071.1	plasmid	plasmid	331	0.0103302001953125	0.000191104321856983	0.0005617141723632812	1	1	NA	NA	0.0	0.0	0.0	3.021148036253776	NA	NA
both_correct_control	frag_f11b826f507b3ac64498	plasmid__NZ_CP017067.1	plasmid	plasmid	441	0.1475830078125	0.01890544593334198	0.1214599609375	1	1	virus	0.7257	0.0	0.0	0.0	0.0	Not-determined	NA
both_correct_control	frag_b37a7903cb0ac15dcf3d	plasmid__NZ_MT039142.1	plasmid	plasmid	781	0.0074310302734375	0.0002269338583573699	0.0006880760192871094	1	1	plasmid	0.9742	0.0	0.0	1.2804097311139564	0.0	NA	NA
both_correct_control	frag_f26dea7d9004de4bcceb	plasmid__NZ_AP023050.1	plasmid	plasmid	1636	0.01129150390625	0.00034870431409217417	0.00208282470703125	1	1	plasmid	0.7225	0.0	0.0	0.0	0.0	NA	NA
both_correct_control	frag_119e8830c78a7e7dc526	plasmid__NZ_CP116963.1	plasmid	plasmid	824	0.135498046875	0.0005658799782395363	0.0015363693237304688	1	1	NA	NA	0.0	0.0	0.0	0.0	NA	NA
both_correct_control	frag_621434f22153bd7bbf80	plasmid__NZ_CP117009.1	plasmid	plasmid	1625	0.003765106201171875	0.0002591582597233355	0.0008492469787597656	1	1	plasmid	0.5220	0.0	0.0	0.0	0.0	NA	NA
both_correct_control	frag_f57db037569d86c0b76a	plasmid__NC_004073.2	plasmid	plasmid	512	0.0191192626953125	0.00016474655421916395	0.0006933212280273438	1	1	NA	NA	0.0	0.0	0.0	0.0	NA	NA
both_correct_control	frag_6ed98d47e2ca4309f7e7	plasmid__NZ_CP029898.1	plasmid	plasmid	654	0.1414794921875	0.0002868540759664029	0.0011072158813476562	1	1	virus	0.4670	0.0	0.0	0.0	0.0	Low-quality	0.58
both_correct_control	frag_2a33620e5b6271a93e93	plasmid__NC_012500.1	plasmid	plasmid	1102	0.08038330078125	0.001356401713564992	0.0034160614013671875	1	1	plasmid	0.9913	0.0	0.0	0.9074410163339383	0.0	NA	NA
both_correct_control	frag_f7d5badf598800f3df73	plasmid__NZ_CP052937.1	plasmid	plasmid	302	0.1424560546875	0.00093263597227633	0.00307464599609375	1	1	virus	0.5167	0.0	0.0	0.0	0.0	Not-determined	NA
both_correct_control	frag_b8b601f5236aa8cc2dde	plasmid__NC_014911.1	plasmid	plasmid	826	0.003223419189453125	0.00027586790383793414	0.0009326934814453125	1	1	virus	0.4349	0.0	0.0	0.0	0.0	Not-determined	NA
both_correct_control	frag_64aea81d27e70f7f6d4a	plasmid__NZ_AP023248.1	plasmid	plasmid	963	0.0215301513671875	0.0005884088459424675	0.0022258758544921875	1	1	plasmid	0.5157	0.0	0.0	0.0	0.0	NA	NA
both_correct_control	frag_74c25c2482536e21351e	plasmid__NZ_CP047341.1	plasmid	plasmid	969	0.165283203125	0.0009181900531984866	0.0023593902587890625	1	1	plasmid	0.9764	1.0	0.0	1.0319917440660475	0.0	NA	NA
both_correct_control	frag_ad3ec8842c12d53ce6f3	plasmid__NZ_CP082306.1	plasmid	plasmid	1247	0.1573486328125	0.0016166499117389321	0.0087127685546875	1	1	plasmid	0.9483	0.0	0.0	0.8019246190858058	0.0	NA	NA
both_correct_control	frag_2c5f2980d14578c23d6a	plasmid__NZ_CP046634.1	plasmid	plasmid	342	0.204345703125	0.0005112579092383385	0.0017747879028320312	1	1	virus	0.3990	0.0	0.0	0.0	0.0	Not-determined	NA
both_correct_control	frag_ae912070c0b0b68ee3f6	plasmid__NZ_CP047430.1	plasmid	plasmid	832	0.01374053955078125	0.00028462239424698055	0.00208282470703125	1	1	NA	NA	0.0	0.0	0.0	0.0	NA	NA
both_correct_control	frag_0c3bdf53df12cb08cbe1	plasmid__NC_020394.1	plasmid	plasmid	1783	0.0012111663818359375	0.00021995337738189846	0.000904083251953125	1	1	plasmid	0.6439	0.0	0.0	0.0	0.0	NA	NA
both_correct_control	frag_7de5b791f2f3bcfb1c9f	plasmid__NZ_CP006684.1	plasmid	plasmid	462	0.00572967529296875	0.00022341636940836906	0.0006985664367675781	1	1	plasmid	0.5642	0.0	0.0	2.1645021645021645	0.0	NA	NA
both_correct_control	frag_b6ca7954aae82887c714	plasmid__NZ_CP012456.1	plasmid	plasmid	312	0.378173828125	0.0029121784027665854	0.0112457275390625	1	1	virus	0.3954	0.0	0.0	0.0	0.0	Not-determined	NA
both_correct_control	frag_d656f13213b5bf6cf375	plasmid__NZ_CP010698.1	plasmid	plasmid	567	0.08154296875	0.0004108485300093889	0.0016613006591796875	1	1	plasmid	0.6542	0.0	0.0	1.7636684303350971	0.0	NA	NA
both_correct_control	frag_3d2ecb09deb302b6622b	plasmid__NZ_CP018178.1	plasmid	plasmid	1741	0.001926422119140625	0.00021654405281879008	0.0007319450378417969	1	1	virus	0.3720	0.0	0.0	0.0	0.0	Not-determined	NA
both_correct_control	frag_425507b2b9a0b0e94740	plasmid__NZ_CP056969.1	plasmid	plasmid	769	0.09332275390625	0.00028462239424698055	0.0014781951904296875	1	1	virus	0.8641	0.0	2.600780234070221	0.0	0.0	Low-quality	0.71
both_correct_control	frag_150f4b71b205e424c5fe	plasmid__NZ_CP060448.1	plasmid	plasmid	1281	0.0013561248779296875	0.00027372167096473277	0.0017957687377929688	1	1	plasmid	0.4733	0.0	0.0	0.0	0.0	NA	NA
both_correct_control	frag_01bab976dbec6bf109f7	plasmid__NZ_CP075362.1	plasmid	plasmid	346	0.1175537109375	0.00035557945375330746	0.00133514404296875	1	1	virus	0.5142	0.0	0.0	0.0	0.0	Not-determined	NA
both_correct_control	frag_4f152b4ed61457bde092	plasmid__NZ_AP019805.1	plasmid	plasmid	1758	0.021942138671875	0.0002780309587251395	0.0008230209350585938	1	1	virus	0.7757	0.0	1.1376564277588168	0.0	0.0	Not-determined	NA
both_correct_control	frag_e62c54459f7e62dd3d79	plasmid__NZ_CP024777.1	plasmid	plasmid	471	0.01287078857421875	0.00017400544311385602	0.0010652542114257812	1	1	virus	0.6321	0.0	0.0	0.0	0.0	Not-determined	NA
both_correct_control	frag_2d50b9145cce5cb226a9	plasmid__NZ_CP025493.2	plasmid	plasmid	359	0.0141754150390625	0.00022167809947859496	0.0011968612670898438	1	1	NA	NA	0.0	0.0	0.0	0.0	NA	NA
both_correct_control	frag_8a6f17960cba238dc42b	plasmid__NZ_CP042376.1	plasmid	plasmid	1185	0.248046875	0.0009811719646677375	0.00621795654296875	1	1	NA	NA	0.0	0.0	0.0	0.8438818565400843	NA	NA
both_correct_control	frag_1ea46cf0ba4d31b71765	plasmid__NZ_CP073773.1	plasmid	plasmid	1862	0.218017578125	0.0011469158343970776	0.0031719207763671875	1	1	plasmid	0.9463	0.0	0.0	0.5370569280343717	0.0	NA	NA
both_correct_control	frag_32e745bbe245f817b394	plasmid__NC_017130.1	plasmid	plasmid	680	0.051666259765625	0.00019411319226492196	0.0005483627319335938	1	1	NA	NA	0.0	0.0	0.0	0.0	NA	NA
both_correct_control	frag_98fc95d97d9401cf2c82	plasmid__NC_017104.1	plasmid	plasmid	1711	0.0004513263702392578	0.0005953406798653305	0.0023975372314453125	1	1	NA	NA	0.0	0.0	0.0	0.5844535359438925	NA	NA
both_correct_control	frag_f31cacdea3f558b0ffb0	plasmid__NZ_CP047716.1	plasmid	plasmid	303	0.08819580078125	0.0002611903182696551	0.0009112358093261719	1	1	virus	0.4693	0.0	0.0	0.0	0.0	Not-determined	NA
both_correct_control	frag_b57c59c6f33f1c1fd5ce	plasmid__NZ_CP114722.1	plasmid	plasmid	368	0.257080078125	0.001138000632636249	0.00679779052734375	1	1	plasmid	0.9860	0.0	0.0	2.717391304347826	0.0	NA	NA
both_correct_control	frag_1e7dce342cdeedf35ebc	plasmid__NZ_CP070849.1	plasmid	plasmid	534	0.0016355514526367188	0.00017400544311385602	0.0006642341613769531	1	1	virus	0.4919	0.0	0.0	0.0	0.0	Not-determined	NA
both_correct_control	frag_9dd9ca7eea5ee37bd70b	plasmid__NZ_CP060853.1	plasmid	plasmid	512	0.0014104843139648438	0.0002131875662598759	0.0004954338073730469	1	1	plasmid	0.9912	0.0	0.0	1.953125	0.0	NA	NA
both_correct_control	frag_933a86353b63845199bc	plasmid__NZ_CP110518.1	plasmid	plasmid	1571	0.0269622802734375	0.000374095601728186	0.0016870498657226562	1	1	plasmid	0.4098	0.0	0.0	0.0	0.0	NA	NA
both_correct_control	frag_1a126748feb06a8f99dc	plasmid__NZ_CP025411.1	plasmid	plasmid	1749	0.00394439697265625	0.000191104321856983	0.0006823539733886719	1	1	plasmid	0.7470	0.0	0.0	0.0	0.0	NA	NA
both_correct_control	frag_a21a3336456bc3375ef6	plasmid__NZ_CP015156.1	plasmid	plasmid	387	0.1715087890625	0.0002415662893326953	0.0013666152954101562	1	1	virus	0.7988	0.0	0.0	0.0	0.0	Not-determined	NA
both_correct_control	frag_42d4b6fc993ec5f5156f	plasmid__NZ_CP100447.1	plasmid	plasmid	1140	0.007965087890625	0.00023597174731548876	0.0006985664367675781	1	1	NA	NA	0.0	0.0	0.0	0.0	NA	NA
both_correct_control	frag_92a64ca891ac38b7d8ca	plasmid__NZ_CP037889.1	plasmid	plasmid	1021	0.0006070137023925781	0.0006361912237480283	0.0090179443359375	1	1	virus	0.7610	0.0	0.0	0.0	0.0	Not-determined	NA
both_correct_control	frag_516ccfe013ffdb715d2a	plasmid__NZ_CP089546.1	plasmid	plasmid	1113	0.0009851455688476562	0.000191104321856983	0.0006718635559082031	1	1	NA	NA	0.0	0.0	0.0	1.7969451931716083	NA	NA
both_correct_control	frag_c2bc8048ccce0d588f5f	plasmid__NC_013518.1	plasmid	plasmid	1322	0.0025615692138671875	0.00023413581948261708	0.0006265640258789062	1	1	plasmid	0.5431	0.0	0.0	0.0	0.0	NA	NA
both_correct_control	frag_30d1897d579fc38ff83a	plasmid__NC_011893.1	plasmid	plasmid	437	0.11297607421875	0.0008693673880770802	0.00690460205078125	1	1	virus	0.5045	0.0	0.0	0.0	0.0	Not-determined	NA
both_correct_control	frag_39612088f004b60176ba	plasmid__NZ_CP040338.1	plasmid	plasmid	478	0.2486572265625	0.00030061634606681764	0.0013885498046875	1	1	plasmid	0.4037	0.0	0.0	0.0	0.0	NA	NA
both_correct_control	frag_5e7edbdc07384e1f845d	plasmid__NZ_CP047362.1	plasmid	plasmid	605	0.301025390625	0.00093263597227633	0.0101318359375	1	1	virus	0.4288	0.0	0.0	0.0	0.0	Not-determined	NA
both_correct_control	frag_ebe3563a14be0d3aef94	plasmid__NZ_CP123537.1	plasmid	plasmid	1559	0.035552978515625	0.00029365462251007557	0.0009546279907226562	1	1	plasmid	0.5426	0.0	0.0	0.0	0.6414368184733804	NA	NA
both_correct_control	frag_e6642fb3e523ca5f6f20	plasmid__NZ_CP123754.1	plasmid	plasmid	450	0.135009765625	0.00027159214369021356	0.001056671142578125	1	1	virus	0.5963	0.0	0.0	0.0	0.0	Not-determined	NA
both_correct_control	frag_22834a1ff190a4bb7dca	plasmid__NZ_AP014939.1	plasmid	plasmid	445	0.0234222412109375	0.0002531563804950565	0.0006537437438964844	1	1	plasmid	0.6588	0.0	2.247191011235955	0.0	0.0	NA	NA
both_correct_control	frag_d8afdb7ffd4f7e55735f	plasmid__NC_018992.1	plasmid	plasmid	1776	0.002132415771484375	0.00028021098114550114	0.0014209747314453125	1	1	NA	NA	0.0	0.0	0.0	0.0	NA	NA
both_correct_control	frag_64a502f7285bfd36f234	plasmid__NC_019013.1	plasmid	plasmid	1362	0.0014495849609375	0.00020027377468068153	0.0005483627319335938	1	1	plasmid	0.7496	0.0	0.0	0.0	0.0	NA	NA
both_correct_control	frag_f89d4d32ad8685547a73	plasmid__NZ_LR135271.1	plasmid	plasmid	605	0.019012451171875	0.0002824080875143409	0.0007762908935546875	1	1	NA	NA	0.0	0.0	0.0	0.0	NA	NA
both_correct_control	frag_092a93f0e7d7c568eff8	plasmid__NZ_MF344562.1	plasmid	plasmid	560	0.20947265625	0.0009773503988981247	0.005687713623046875	1	1	virus	0.4834	0.0	0.0	0.0	0.0	Not-determined	NA
both_correct_control	frag_2896f660001f121b5c98	plasmid__NC_015170.1	plasmid	plasmid	1399	0.039794921875	0.0010733063099905849	0.00919342041015625	1	1	NA	NA	0.0	0.0	0.0	0.0	NA	NA
both_correct_control	frag_47d71822deda2ad260fa	plasmid__NZ_CP121491.1	plasmid	plasmid	352	0.422119140625	0.0011695103021338582	0.007755279541015625	1	1	plasmid	0.9906	0.0	0.0	2.8409090909090913	0.0	NA	NA
both_correct_control	frag_a54e685b4287fe238742	plasmid__NZ_CP011519.2	plasmid	plasmid	1160	0.003124237060546875	0.0003366621967870742	0.0015249252319335938	1	1	plasmid	0.5444	0.0	0.0	0.0	0.0	NA	NA
both_correct_control	frag_4e2ea62683c6331998b5	plasmid__NZ_CP021746.1	plasmid	plasmid	1145	0.024749755859375	0.0002269338583573699	0.0007581710815429688	1	1	virus	0.6505	0.0	0.0	0.0	0.0	Not-determined	NA
both_correct_control	frag_7b5f9ac7192555a5ed03	plasmid__NZ_CP021276.1	plasmid	plasmid	615	0.01450347900390625	0.00024536947603337467	0.0006513595581054688	1	1	plasmid	0.3668	0.0	0.0	0.0	0.0	NA	NA
both_correct_control	frag_ad609946d783f950e9ee	plasmid__NZ_CP021287.1	plasmid	plasmid	776	0.0199432373046875	0.0003541936748661101	0.00208282470703125	1	1	plasmid	0.9908	0.0	0.0	2.5773195876288657	0.0	NA	NA
both_correct_control	frag_d4ae624d3f3815093e00	plasmid__NZ_KY000031.1	plasmid	plasmid	814	0.0289764404296875	0.00033930179779417813	0.001674652099609375	1	1	NA	NA	0.0	0.0	0.0	0.0	NA	NA
both_correct_control	frag_dd42ee6292d26736bb39	plasmid__NZ_CP051470.1	plasmid	plasmid	1138	0.00039505958557128906	0.00018814207578543574	0.00051116943359375	1	1	plasmid	0.6207	0.0	0.0	0.0	0.0	NA	NA
both_correct_control	frag_f821e8a212f951282b10	plasmid__NZ_CP039036.1	plasmid	plasmid	660	0.07318115234375	0.0006312434561550617	0.0029354095458984375	1	1	virus	0.5925	0.0	0.0	0.0	0.0	Low-quality	1.11
both_correct_control	frag_f27d8eb7edbe0bf03204	plasmid__NZ_CP041557.1	plasmid	plasmid	970	0.002758026123046875	0.0001852257555583492	0.0005359649658203125	1	1	plasmid	0.9910	0.0	0.0	2.061855670103093	0.0	NA	NA
both_correct_control	frag_e916556b4f22a6bd9240	plasmid__NZ_CP039111.1	plasmid	plasmid	466	0.1778564453125	0.004943689331412315	0.02801513671875	1	1	virus	0.6647	0.0	0.0	0.0	0.0	Not-determined	NA
both_correct_control	frag_ad1ffdfa9f62faec3e45	plasmid__NZ_CP039104.1	plasmid	plasmid	1122	0.1387939453125	0.002396730938926339	0.01519012451171875	1	1	plasmid	0.9803	2.0	0.0	1.7826203208556146	0.0	NA	NA
both_correct_control	frag_744668e02c3c90bee21c	plasmid__NZ_OL763373.1	plasmid	plasmid	941	0.1124267578125	0.0006851712823845446	0.00279998779296875	1	1	plasmid	0.9804	0.0	0.0	1.0626992561105209	0.0	NA	NA
both_correct_control	frag_af4f6d2ea7c709e95c52	plasmid__NZ_CP021881.1	plasmid	plasmid	1056	0.00045299530029296875	0.00021485926117748022	0.0005745887756347656	1	1	NA	NA	0.0	0.0	0.0	0.0	NA	NA
both_correct_control	frag_b5c46458f5bb23e70cf9	plasmid__NZ_CP022914.1	plasmid	plasmid	341	0.0299835205078125	0.0018602986820042133	0.0083770751953125	1	1	virus	0.5114	0.0	0.0	0.0	0.0	Not-determined	NA
both_correct_control	frag_62476c2cc76d905a7df4	plasmid__NZ_CP097290.1	plasmid	plasmid	393	0.04803466796875	0.00023413581948261708	0.0011653900146484375	1	1	NA	NA	0.0	0.0	0.0	0.0	NA	NA
both_correct_control	frag_f2de49ddc676f4d8509c	plasmid__NZ_CP095844.1	plasmid	plasmid	386	0.4814453125	0.0005636750720441341	0.001972198486328125	1	1	plasmid	0.8014	1.0	0.0	2.5906735751295336	0.0	NA	NA
both_correct_control	frag_47ed1f32035d099a0d86	plasmid__NZ_CP027375.1	plasmid	plasmid	313	0.004314422607421875	0.00021152888075448573	0.0005035400390625	1	1	plasmid	0.9916	1.0	0.0	3.194888178913738	0.0	NA	NA
both_correct_control	frag_26d00cd4476a4c284fd4	plasmid__NZ_CP074103.1	plasmid	plasmid	379	0.0006313323974609375	0.0002131875662598759	0.0008134841918945312	1	1	NA	NA	0.0	0.0	0.0	0.0	NA	NA
both_correct_control	frag_a651559756ac29ebe575	plasmid__NZ_CP086943.1	plasmid	plasmid	820	0.00021660327911376953	0.00019260287808720022	0.0004858970642089844	1	1	NA	NA	0.0	0.0	0.0	0.0	NA	NA
both_correct_control	frag_769178123664623f9adc	plasmid__NZ_CP086953.1	plasmid	plasmid	366	0.00359344482421875	0.0001713081874186173	0.0005526542663574219	1	1	virus	0.4075	0.0	0.0	0.0	0.0	Not-determined	NA
both_correct_control	frag_65a3eeecd1db6c78c374	plasmid__NZ_CP025848.1	plasmid	plasmid	815	0.0005192756652832031	0.0002131875662598759	0.0005154609680175781	1	1	plasmid	0.6481	0.0	0.0	0.0	0.0	NA	NA
both_correct_control	frag_2d79a7c79da624eba5f6	plasmid__NZ_CP009721.1	plasmid	plasmid	918	0.0179901123046875	0.0002269338583573699	0.0007615089416503906	1	1	plasmid	0.6509	0.0	0.0	1.0893246187363834	0.0	NA	NA
both_correct_control	frag_a82660004d9819681fc9	plasmid__NZ_CP010302.1	plasmid	plasmid	1120	0.037750244140625	0.00023782203788869083	0.0007042884826660156	1	1	plasmid	0.9612	0.0	0.0	1.7858035714285712	0.0	NA	NA
both_correct_control	frag_8876f0dc1495c4efb8cf	plasmid__NZ_MK764029.1	plasmid	plasmid	1382	0.0074615478515625	0.0002305067318957299	0.0008296966552734375	1	1	plasmid	0.6782	0.0	0.0	0.0	0.0	NA	NA
both_correct_control	frag_ce86a3faf07a78d76909	plasmid__NZ_CP063488.1	plasmid	plasmid	1614	0.01073455810546875	0.0002673826238606125	0.0008106231689453125	1	1	NA	NA	0.0	0.0	0.0	0.6195786864931846	NA	NA
both_correct_control	frag_1d85cb3b9617d2be24aa	plasmid__NZ_LR890737.1	plasmid	plasmid	869	0.1171875	0.0003625900426413864	0.0010204315185546875	1	1	plasmid	0.4180	0.0	0.0	0.0	0.0	NA	NA
both_correct_control	frag_2bdf7a59d76673fbd917	plasmid__NZ_CP129610.1	plasmid	plasmid	423	0.03704833984375	0.0003301527467556298	0.0016355514526367188	1	1	virus	0.3974	0.0	0.0	0.0	0.0	Not-determined	NA
both_correct_control	frag_0e1da010e7b3926ea080	plasmid__NZ_CP037750.1	plasmid	plasmid	1277	0.00154876708984375	0.00018093576363753527	0.0006589889526367188	1	1	virus	0.5890	0.0	0.0	0.0	0.0	Not-determined	NA
both_correct_control	frag_7d388cbcd563d24a5660	plasmid__NZ_CP054047.1	plasmid	plasmid	641	0.19873046875	0.002463006880134344	0.00861358642578125	1	1	virus	0.3461	0.0	0.0	0.0	0.0	Not-determined	NA
both_correct_control	frag_c12a0c26ffd57490c583	plasmid__NZ_CP025806.1	plasmid	plasmid	1540	0.16943359375	0.0005193048855289817	0.003040313720703125	1	1	plasmid	0.9893	0.0	0.0	1.2987012987012987	0.0	NA	NA
both_correct_control	frag_c2a790c2840778d220f9	plasmid__NZ_CP101171.1	plasmid	plasmid	585	0.26513671875	0.0009659749921411276	0.005641937255859375	1	1	virus	0.6191	0.0	0.0	0.0	0.0	Not-determined	NA
both_correct_control	frag_2ca60f29e0e76f9dbefc	plasmid__NZ_CP092279.1	plasmid	plasmid	484	0.34521484375	0.0008693673880770802	0.00279998779296875	1	1	virus	0.4666	0.0	0.0	0.0	0.0	Not-determined	NA
both_correct_control	frag_d94c13b03e897e8238fe	plasmid__NZ_CP077731.1	plasmid	plasmid	417	0.085693359375	0.00027372167096473277	0.0021495819091796875	1	1	virus	0.5461	0.0	0.0	0.0	0.0	Not-determined	NA
both_correct_control	frag_b451805007d968ac0815	plasmid__NZ_CP130079.1	plasmid	plasmid	784	0.02069091796875	0.00026947917649522424	0.0011653900146484375	1	1	plasmid	0.6574	0.0	0.0	0.0	0.0	NA	NA
both_correct_control	frag_e0bb4bb8c201074908ed	plasmid__NZ_CP119807.1	plasmid	plasmid	423	0.007724761962890625	0.00029137005913071334	0.0012845993041992188	1	1	NA	NA	0.0	0.0	0.0	0.0	NA	NA
both_correct_control	frag_6f7e0d91d8ce0d0fae28	plasmid__NZ_CP119811.1	plasmid	plasmid	1102	0.0161590576171875	0.0003625900426413864	0.0011692047119140625	1	1	NA	NA	0.0	0.9074410163339383	0.0	0.0	NA	NA
both_correct_control	frag_316e3f879ff9730390cf	plasmid__NZ_CP085342.1	plasmid	plasmid	662	0.00498199462890625	0.00044770087697543204	0.007518768310546875	1	1	NA	NA	0.0	0.0	0.0	0.0	NA	NA
both_correct_control	frag_fc466ce175ea690de9d7	plasmid__NC_020296.1	plasmid	plasmid	642	0.0189056396484375	0.00022871329565532506	0.0006461143493652344	1	1	NA	NA	0.0	0.0	0.0	0.0	NA	NA
both_correct_control	frag_a7ac4e93ef0a47593a2a	plasmid__NC_019746.1	plasmid	plasmid	1866	0.0023784637451171875	0.00020027377468068153	0.0008072853088378906	1	1	NA	NA	0.0	0.0	0.0	0.5359056806002144	NA	NA
