genome	records	attention_sum	abs_error	passes
bacteria__GCF_000025905.1_ASM2590v1	18	0.999999977882	2.21184001115e-08	1
bacteria__GCF_000210915.2_ASM21091v2	15	0.999999966473	3.35273199203e-08	1
bacteria__GCF_000224985.1_ASM22498v1	7	1.0000000149	1.49015000339e-08	1
bacteria__GCF_000235405.2_ASM23540v3	4	0.999999975785	2.42146001028e-08	1
bacteria__GCF_000340905.1_ASM34090v1	1	1	0	1
bacteria__GCF_000364725.1_ASM36472v1	1	1	0	1
bacteria__GCF_000512915.1_ASM51291v1	13	0.999999945052	5.49481999901e-08	1
bacteria__GCF_000513475.1_Bbla	2	1.0000000298	2.98019999789e-08	1
bacteria__GCF_001605725.1_ASM160572v1	18	1.00000001537	1.53669601488e-08	1
bacteria__GCF_002216855.1_ASM221685v1	10	1.00000006985	6.98494400098e-08	1
bacteria__GCF_002288145.1_ASM228814v1	8	0.999999970198	2.98023999923e-08	1
bacteria__GCF_002291425.1_ASM229142v1	18	0.999999972061	2.79388998603e-08	1
bacteria__GCF_002795265.1_ASM279526v1	2	1.0000000298	2.98030000678e-08	1
bacteria__GCF_002795845.1_ASM279584v1	14	0.999999986961	1.30386000885e-08	1
bacteria__GCF_003010915.2_ASM301091v2	23	1.00000004843	4.84288902314e-08	1
bacteria__GCF_003015185.1_ASM301518v1	22	0.999999968334	3.1665589928e-08	1
bacteria__GCF_003640545.1_ASM364054v1	2	1	0	1
bacteria__GCF_003966335.1_ASM396633v1	13	1.00000006566	6.56587699766e-08	1
bacteria__GCF_009177095.1_ASM917709v1	30	0.999999948894	5.11063199538e-08	1
bacteria__GCF_009739655.1_ASM973965v1	8	1.00000005215	5.21545999721e-08	1
bacteria__GCF_009746125.1_ASM974612v1	16	1.00000003446	3.44585397993e-08	1
bacteria__GCF_009856525.1_ASM985652v1	3	0.999999970198	2.980200009e-08	1
bacteria__GCF_009856605.1_ASM985660v1	29	1.00000002934	2.93370900906e-08	1
bacteria__GCF_009911795.1_ASM991179v1	23	0.999999949941	5.00592398645e-08	1
bacteria__GCF_011207455.1_ASM1120745v1	8	0.999999928288	7.1712060068e-08	1
bacteria__GCF_011420305.2_ASM1142030v2	17	1.00000001094	1.09431199657e-08	1
bacteria__GCF_011764565.1_ASM1176456v1	38	1.00000000536	5.35506972099e-09	1
bacteria__GCF_013008635.1_ASM1300863v1	1	1	0	1
bacteria__GCF_013201705.1_ASM1320170v1	7	1	1.00008890058e-12	1
bacteria__GCF_016592595.1_ASM1659259v1	6	1.00000007823	7.82309002023e-08	1
bacteria__GCF_016904675.1_ASM1690467v1	8	0.99999998929	1.07095800006e-08	1
bacteria__GCF_017298635.1_ASM1729863v1	22	1.00000003015	3.01517599777e-08	1
bacteria__GCF_017901175.1_ASM1790117v1	15	1.00000001676	1.67636999837e-08	1
bacteria__GCF_018986915.1_ASM1898691v1	19	1.00000004051	4.05124898073e-08	1
bacteria__GCF_022024215.1_ASM2202421v1	14	0.999999996274	3.72564012974e-09	1
bacteria__GCF_023585745.1_ASM2358574v1	2	0.999999940396	5.96039999579e-08	1
bacteria__GCF_900660615.1_51670_F01-3	4	1.00000008941	8.94070000257e-08	1
bacteria__GCF_900660745.1_57728_G01-3	6	0.999999970197	2.98028999257e-08	1
bacteria__GCF_901538265.1_ASM90153826v1	36	1.0000000092	9.19648002196e-09	1
bacteria__GCF_907164845.1_Lysobacter_CECT30171	11	0.999999960419	3.95809700571e-08	1
fungi__GCF_000277815.2_ASM27781v3	49	0.999999979395	2.06050380092e-08	1
fungi__GCF_001417885.1_Kmar_1.0	221	1.00000001022	1.02152846182e-08	1
plasmid__NC_002097.1	1	1	0	1
plasmid__NC_004073.2	1	1	0	1
plasmid__NC_004633.1	1	1	0	1
plasmid__NC_006390.1	1	1	0	1
plasmid__NC_008764.1	1	1	0	1
plasmid__NC_009661.1	1	1	0	1
plasmid__NC_010850.1	2	1.0000000298	2.98019999789e-08	1
plasmid__NC_010852.1	1	1	0	1
plasmid__NC_011893.1	1	1	0	1
plasmid__NC_012500.1	1	1	0	1
plasmid__NC_013518.1	1	1	0	1
plasmid__NC_014031.1	2	0.999999970197	2.98030000678e-08	1
plasmid__NC_014911.1	1	1	0	1
plasmid__NC_015162.1	1	1	0	1
plasmid__NC_015170.1	1	1	0	1
plasmid__NC_015180.1	1	1	0	1
plasmid__NC_015727.1	14	1.00000000373	3.72569997076e-09	1
plasmid__NC_017104.1	1	1	0	1
plasmid__NC_017130.1	1	1	0	1
plasmid__NC_017484.1	1	1	0	1
plasmid__NC_018611.1	1	1	0	1
plasmid__NC_018992.1	1	1	0	1
plasmid__NC_019013.1	1	1	0	1
plasmid__NC_019746.1	1	1	0	1
plasmid__NC_020296.1	1	1	0	1
plasmid__NC_020394.1	1	1	0	1
plasmid__NC_022599.1	1	1	0	1
plasmid__NC_023313.1	1	1	0	1
plasmid__NZ_ABCW02000010.1	1	1	0	1
plasmid__NZ_AESC02000110.1	1	1	0	1
plasmid__NZ_AEYE02000033.1	1	1	0	1
plasmid__NZ_AFEJ02000014.1	1	1	0	1
plasmid__NZ_AFOY02000032.1	2	0.999999970198	2.98019999789e-08	1
plasmid__NZ_AKVW01000004.1	1	1	0	1
plasmid__NZ_ALIG01000010.1	1	1	0	1
plasmid__NZ_AP014939.1	1	1	0	1
plasmid__NZ_AP017660.1	1	1	0	1
plasmid__NZ_AP018256.1	3	1.00000005961	5.96050000468e-08	1
plasmid__NZ_AP018539.1	1	1	0	1
plasmid__NZ_AP018576.1	1	1	0	1
plasmid__NZ_AP019805.1	1	1	0	1
plasmid__NZ_AP019812.1	1	1	0	1
plasmid__NZ_AP020327.1	2	1	0	1
plasmid__NZ_AP021954.1	1	1	0	1
plasmid__NZ_AP022592.1	2	1.0000000596	5.96039999579e-08	1
plasmid__NZ_AP022947.1	1	1	0	1
plasmid__NZ_AP023050.1	1	1	0	1
plasmid__NZ_AP023248.1	1	1	0	1
plasmid__NZ_AP024171.1	1	1	0	1
plasmid__NZ_AP025197.1	1	1	0	1
plasmid__NZ_AP026614.1	2	1	0	1
plasmid__NZ_AP026668.1	1	1	0	1
plasmid__NZ_AP026735.1	2	0.999999970197	2.98030000678e-08	1
plasmid__NZ_CBTJ020000114.1	2	1.0000000298	2.98030000678e-08	1
plasmid__NZ_CM002260.1	3	0.999999955297	4.47029999684e-08	1
plasmid__NZ_CM003328.1	1	1	0	1
plasmid__NZ_CM003640.1	2	0.999999955296	4.47039999463e-08	1
plasmid__NZ_CM009923.1	1	1	0	1
plasmid__NZ_CP006684.1	1	1	0	1
plasmid__NZ_CP007130.1	10	1.00000004284	4.28414002052e-08	1
plasmid__NZ_CP007257.1	3	1.00000002235	2.23517000464e-08	1
plasmid__NZ_CP007648.1	4	1.00000000373	3.72620001521e-09	1
plasmid__NZ_CP009446.1	1	1	0	1
plasmid__NZ_CP009650.1	1	1	0	1
plasmid__NZ_CP009721.1	1	1	0	1
plasmid__NZ_CP010015.1	1	1	0	1
plasmid__NZ_CP010302.1	1	1	0	1
plasmid__NZ_CP010698.1	1	1	0	1
plasmid__NZ_CP010801.1	2	0.999999940395	5.96050000468e-08	1
plasmid__NZ_CP010886.1	1	1	0	1
plasmid__NZ_CP010894.1	1	1	0	1
plasmid__NZ_CP011519.2	1	1	0	1
plasmid__NZ_CP012456.1	1	1	0	1
plasmid__NZ_CP012886.2	8	1.00000006985	6.9849710016e-08	1
plasmid__NZ_CP013071.1	1	1	0	1
plasmid__NZ_CP013265.1	1	1	0	1
plasmid__NZ_CP013613.1	1	1	0	1
plasmid__NZ_CP013945.1	2	0.999999970198	2.98019999789e-08	1
plasmid__NZ_CP014093.1	1	1	0	1
plasmid__NZ_CP014628.1	1	1	0	1
plasmid__NZ_CP015073.1	1	1	0	1
plasmid__NZ_CP015156.1	1	1	0	1
plasmid__NZ_CP015366.1	1	1	0	1
plasmid__NZ_CP015585.1	1	1	0	1
plasmid__NZ_CP015601.1	1	1	0	1
plasmid__NZ_CP015735.1	1	1	0	1
plasmid__NZ_CP016330.1	1	1	0	1
plasmid__NZ_CP016746.1	1	1	0	1
plasmid__NZ_CP016898.1	3	1.0000000596	5.96039999579e-08	1
plasmid__NZ_CP017067.1	1	1	0	1
plasmid__NZ_CP017256.2	2	0.999999970198	2.98019999789e-08	1
plasmid__NZ_CP017367.1	2	0.999999970198	2.98019999789e-08	1
plasmid__NZ_CP017410.1	1	1	0	1
plasmid__NZ_CP017467.1	2	1.0000000298	2.98019999789e-08	1
plasmid__NZ_CP018030.1	2	0.999999940396	5.96039999579e-08	1
plasmid__NZ_CP018178.1	1	1	0	1
plasmid__NZ_CP018448.1	1	1	0	1
plasmid__NZ_CP018468.1	2	0.999999940395	5.96050000468e-08	1
plasmid__NZ_CP018765.1	2	1	0	1
plasmid__NZ_CP020068.1	1	1	0	1
plasmid__NZ_CP021276.1	1	1	0	1
plasmid__NZ_CP021287.1	1	1	0	1
plasmid__NZ_CP021746.1	1	1	0	1
plasmid__NZ_CP021881.1	1	1	0	1
plasmid__NZ_CP022484.1	1	1	0	1
plasmid__NZ_CP022659.1	2	0.999999970197	2.98029999568e-08	1
plasmid__NZ_CP022914.1	1	1	0	1
plasmid__NZ_CP023479.1	1	1	0	1
plasmid__NZ_CP023556.1	1	1	0	1
plasmid__NZ_CP024308.1	2	1.0000000298	2.98019999789e-08	1
plasmid__NZ_CP024777.1	1	1	0	1
plasmid__NZ_CP025411.1	1	1	0	1
plasmid__NZ_CP025493.2	1	1	0	1
plasmid__NZ_CP025806.1	1	1	0	1
plasmid__NZ_CP025848.1	1	1	0	1
plasmid__NZ_CP025955.1	2	1.0000000149	1.49020000784e-08	1
plasmid__NZ_CP027195.1	3	1.0000000149	1.49009999895e-08	1
plasmid__NZ_CP027375.1	1	1	0	1
plasmid__NZ_CP028286.1	2	1.00000000745	7.45089989707e-09	1
plasmid__NZ_CP028868.1	1	1	0	1
plasmid__NZ_CP029334.1	1	1	0	1
plasmid__NZ_CP029547.1	2	1	0	1
plasmid__NZ_CP029898.1	1	1	0	1
plasmid__NZ_CP029953.1	1	1	0	1
plasmid__NZ_CP030046.1	1	1	0	1
plasmid__NZ_CP031072.1	1	1	0	1
plasmid__NZ_CP031108.1	1	1	0	1
plasmid__NZ_CP031116.1	2	1	0	1
plasmid__NZ_CP031273.1	1	1	0	1
plasmid__NZ_CP032158.1	2	1.0000000298	2.98019999789e-08	1
plasmid__NZ_CP032309.1	1	1	0	1
plasmid__NZ_CP032625.1	2	1.0000000596	5.96039999579e-08	1
plasmid__NZ_CP033097.1	1	1	0	1
plasmid__NZ_CP033802.1	1	1	0	1
plasmid__NZ_CP033916.1	1	1	0	1
plasmid__NZ_CP034320.1	1	1	0	1
plasmid__NZ_CP034475.1	8	0.99999999255	7.44990003021e-09	1
plasmid__NZ_CP034556.1	1	1	0	1
plasmid__NZ_CP035195.1	1	1	0	1
plasmid__NZ_CP036119.1	1	1	0	1
plasmid__NZ_CP036138.1	2	0.999999970198	2.98019999789e-08	1
plasmid__NZ_CP037470.1	2	1.00000008196	8.19559999865e-08	1
plasmid__NZ_CP037750.1	1	1	0	1
plasmid__NZ_CP037855.1	1	1	0	1
plasmid__NZ_CP037889.1	1	1	0	1
plasmid__NZ_CP038446.1	2	0.999999970197	2.98030000678e-08	1
plasmid__NZ_CP038941.1	1	1	0	1
plasmid__NZ_CP038965.1	1	1	0	1
plasmid__NZ_CP039034.1	1	1	0	1
plasmid__NZ_CP039036.1	1	1	0	1
plasmid__NZ_CP039104.1	1	1	0	1
plasmid__NZ_CP039111.1	1	1	0	1
plasmid__NZ_CP039454.1	1	1	0	1
plasmid__NZ_CP039730.1	1	1	0	1
plasmid__NZ_CP039989.1	2	0.999999985099	1.49009999895e-08	1
plasmid__NZ_CP040274.1	1	1	0	1
plasmid__NZ_CP040338.1	1	1	0	1
plasmid__NZ_CP041439.1	1	1	0	1
plasmid__NZ_CP041543.1	1	1	0	1
plasmid__NZ_CP041557.1	1	1	0	1
plasmid__NZ_CP041652.2	2	0.999999970197	2.98030000678e-08	1
plasmid__NZ_CP042376.1	1	1	0	1
plasmid__NZ_CP042975.1	1	1	0	1
plasmid__NZ_CP043384.1	2	0.999999970197	2.98030000678e-08	1
plasmid__NZ_CP043790.1	1	1	0	1
plasmid__NZ_CP044126.1	14	1.00000003958	3.95809902631e-08	1
plasmid__NZ_CP045708.1	2	1.0000000298	2.98030000678e-08	1
plasmid__NZ_CP046634.1	1	1	0	1
plasmid__NZ_CP047341.1	1	1	0	1
plasmid__NZ_CP047362.1	1	1	0	1
plasmid__NZ_CP047430.1	1	1	0	1
plasmid__NZ_CP047716.1	1	1	0	1
plasmid__NZ_CP047737.1	1	1	0	1
plasmid__NZ_CP047842.1	1	1	0	1
plasmid__NZ_CP048667.1	1	1	0	1
plasmid__NZ_CP048885.1	2	1.00000005961	5.96050000468e-08	1
plasmid__NZ_CP049777.1	1	1	0	1
plasmid__NZ_CP050099.1	2	0.999999970198	2.98019999789e-08	1
plasmid__NZ_CP050127.1	1	1	0	1
plasmid__NZ_CP050185.1	2	1.00000002235	2.23518998865e-08	1
plasmid__NZ_CP051470.1	1	1	0	1
plasmid__NZ_CP051532.1	1	1	0	1
plasmid__NZ_CP052937.1	1	1	0	1
plasmid__NZ_CP054047.1	1	1	0	1
plasmid__NZ_CP054974.1	1	1	0	1
plasmid__NZ_CP055328.1	1	1	0	1
plasmid__NZ_CP055369.1	1	1	0	1
plasmid__NZ_CP056969.1	1	1	0	1
plasmid__NZ_CP058267.1	2	1.0000000149	1.49020000784e-08	1
plasmid__NZ_CP058736.1	3	0.999999999999	9.99866855977e-13	1
plasmid__NZ_CP058855.1	1	1	0	1
plasmid__NZ_CP059543.1	1	1	0	1
plasmid__NZ_CP059605.1	1	1	0	1
plasmid__NZ_CP059795.1	1	1	0	1
plasmid__NZ_CP060448.1	1	1	0	1
plasmid__NZ_CP060527.1	1	1	0	1
plasmid__NZ_CP060853.1	1	1	0	1
plasmid__NZ_CP061090.1	1	1	0	1
plasmid__NZ_CP061381.1	1	1	0	1
plasmid__NZ_CP061621.1	1	1	0	1
plasmid__NZ_CP061753.1	1	1	0	1
plasmid__NZ_CP061864.1	1	1	0	1
plasmid__NZ_CP062152.1	10	0.999999988825	1.11754000498e-08	1
plasmid__NZ_CP063488.1	1	1	0	1
plasmid__NZ_CP063789.1	2	1.0000000298	2.98030000678e-08	1
plasmid__NZ_CP063809.1	1	1	0	1
plasmid__NZ_CP064425.1	2	0.999999955297	4.47029999684e-08	1
plasmid__NZ_CP064426.1	2	1.0000000298	2.98019999789e-08	1
plasmid__NZ_CP064435.1	1	1	0	1
plasmid__NZ_CP064947.1	2	1.0000000298	2.98019999789e-08	1
plasmid__NZ_CP065636.1	1	1	0	1
plasmid__NZ_CP065680.1	1	1	0	1
plasmid__NZ_CP065727.1	1	1	0	1
plasmid__NZ_CP065898.1	2	0.999999970197	2.98030000678e-08	1
plasmid__NZ_CP066363.1	1	1	0	1
plasmid__NZ_CP067354.1	2	0.999999970198	2.98019999789e-08	1
plasmid__NZ_CP068137.1	1	1	0	1
plasmid__NZ_CP068715.1	2	1.0000000298	2.98019999789e-08	1
plasmid__NZ_CP070076.1	1	1	0	1
plasmid__NZ_CP070849.1	1	1	0	1
plasmid__NZ_CP070958.1	1	1	0	1
plasmid__NZ_CP071946.1	3	1	0	1
plasmid__NZ_CP072179.1	1	1	0	1
plasmid__NZ_CP072776.1	1	1	0	1
plasmid__NZ_CP072880.1	1	1	0	1
plasmid__NZ_CP072963.1	1	1	0	1
plasmid__NZ_CP073185.1	2	0.999999970198	2.98019999789e-08	1
plasmid__NZ_CP073196.1	1	1	0	1
plasmid__NZ_CP073773.1	1	1	0	1
plasmid__NZ_CP073907.1	1	1	0	1
plasmid__NZ_CP074103.1	1	1	0	1
plasmid__NZ_CP075362.1	1	1	0	1
plasmid__NZ_CP075983.1	2	1.0000000298	2.98019999789e-08	1
plasmid__NZ_CP075998.1	1	1	0	1
plasmid__NZ_CP076002.1	1	1	0	1
plasmid__NZ_CP076131.1	1	1	0	1
plasmid__NZ_CP076479.1	1	1	0	1
plasmid__NZ_CP076485.1	2	1.00000005961	5.96050000468e-08	1
plasmid__NZ_CP076705.1	2	0.999999970198	2.98019999789e-08	1
plasmid__NZ_CP077616.1	1	1	0	1
plasmid__NZ_CP077731.1	1	1	0	1
plasmid__NZ_CP078112.1	1	1	0	1
plasmid__NZ_CP080595.1	1	1	0	1
plasmid__NZ_CP081065.1	1	1	0	1
plasmid__NZ_CP081096.1	1	1	0	1
plasmid__NZ_CP081172.1	1	1	0	1
plasmid__NZ_CP081509.1	1	1	0	1
plasmid__NZ_CP081786.1	1	1	0	1
plasmid__NZ_CP081856.1	1	1	0	1
plasmid__NZ_CP082049.1	2	0.999999970198	2.98019999789e-08	1
plasmid__NZ_CP082306.1	1	1	0	1
plasmid__NZ_CP083090.1	1	1	0	1
plasmid__NZ_CP083270.1	1	1	0	1
plasmid__NZ_CP083363.1	2	1	0	1
plasmid__NZ_CP083446.1	1	1	0	1
plasmid__NZ_CP083543.1	1	1	0	1
plasmid__NZ_CP084481.1	1	1	0	1
plasmid__NZ_CP084551.1	1	1	0	1
plasmid__NZ_CP084588.1	4	1.00000000745	7.45029993254e-09	1
plasmid__NZ_CP084646.1	1	1	0	1
plasmid__NZ_CP085145.1	3	0.999999940396	5.9604099989e-08	1
plasmid__NZ_CP085342.1	1	1	0	1
plasmid__NZ_CP085430.1	1	1	0	1
plasmid__NZ_CP085516.1	1	1	0	1
plasmid__NZ_CP085749.1	1	1	0	1
plasmid__NZ_CP085896.1	1	1	0	1
plasmid__NZ_CP085920.1	1	1	0	1
plasmid__NZ_CP086113.1	4	0.999999944121	5.58789999827e-08	1
plasmid__NZ_CP086384.1	1	1	0	1
plasmid__NZ_CP086406.1	1	1	0	1
plasmid__NZ_CP086914.1	2	1	0	1
plasmid__NZ_CP086943.1	1	1	0	1
plasmid__NZ_CP086953.1	1	1	0	1
plasmid__NZ_CP086974.1	5	0.999999985098	1.49018000162e-08	1
plasmid__NZ_CP087003.1	2	0.999999932944	6.70560000859e-08	1
plasmid__NZ_CP087062.1	2	1	0	1
plasmid__NZ_CP087769.1	1	1	0	1
plasmid__NZ_CP088201.1	1	1	0	1
plasmid__NZ_CP088227.1	1	1	0	1
plasmid__NZ_CP088250.1	1	1	0	1
plasmid__NZ_CP089048.1	1	1	0	1
plasmid__NZ_CP089056.1	1	1	0	1
plasmid__NZ_CP089546.1	1	1	0	1
plasmid__NZ_CP090188.1	2	1.0000000298	2.98019999789e-08	1
plasmid__NZ_CP090566.1	1	1	0	1
plasmid__NZ_CP091425.1	2	0.999999985099	1.49009999895e-08	1
plasmid__NZ_CP091649.1	3	1.00000001676	1.67635998416e-08	1
plasmid__NZ_CP091972.1	2	0.999999970198	2.98019999789e-08	1
plasmid__NZ_CP092154.1	1	1	0	1
plasmid__NZ_CP092279.1	1	1	0	1
plasmid__NZ_CP092363.2	2	1	0	1
plasmid__NZ_CP092665.1	5	1.00000005215	5.21543999099e-08	1
plasmid__NZ_CP092680.1	1	1	0	1
plasmid__NZ_CP092685.1	1	1	0	1
plasmid__NZ_CP093257.1	2	0.999999970198	2.98019999789e-08	1
plasmid__NZ_CP093488.1	1	1	0	1
plasmid__NZ_CP093934.1	1	1	0	1
plasmid__NZ_CP094662.1	1	1	0	1
plasmid__NZ_CP095768.1	2	1.0000000298	2.98019999789e-08	1
plasmid__NZ_CP095844.1	1	1	0	1
plasmid__NZ_CP096043.1	1	1	0	1
plasmid__NZ_CP096952.1	1	1	0	1
plasmid__NZ_CP096984.1	1	1	0	1
plasmid__NZ_CP097290.1	1	1	0	1
plasmid__NZ_CP097672.1	1	1	0	1
plasmid__NZ_CP098717.1	1	1	0	1
plasmid__NZ_CP098792.1	1	1	0	1
plasmid__NZ_CP099536.1	1	1	0	1
plasmid__NZ_CP100405.1	2	0.999999970197	2.98030000678e-08	1
plasmid__NZ_CP100447.1	1	1	0	1
plasmid__NZ_CP101171.1	1	1	0	1
plasmid__NZ_CP101720.1	1	1	0	1
plasmid__NZ_CP101792.1	2	0.999999970198	2.98019999789e-08	1
plasmid__NZ_CP102779.1	1	1	0	1
plasmid__NZ_CP102914.1	2	1	4.99933427989e-13	1
plasmid__NZ_CP102988.1	1	1	0	1
plasmid__NZ_CP103257.1	1	1	0	1
plasmid__NZ_CP103372.1	3	0.999999985099	1.49009999895e-08	1
plasmid__NZ_CP104394.1	1	1	0	1
plasmid__NZ_CP104888.1	5	1.00000000652	6.519599971e-09	1
plasmid__NZ_CP104936.1	2	0.999999962747	3.72532000803e-08	1
plasmid__NZ_CP104960.1	1	1	0	1
plasmid__NZ_CP106827.1	1	1	0	1
plasmid__NZ_CP106864.1	1	1	0	1
plasmid__NZ_CP107559.1	2	1.0000000298	2.98019999789e-08	1
plasmid__NZ_CP109825.1	1	1	0	1
plasmid__NZ_CP110125.1	1	1	0	1
plasmid__NZ_CP110409.1	1	1	0	1
plasmid__NZ_CP110518.1	1	1	0	1
plasmid__NZ_CP113023.1	1	1	0	1
plasmid__NZ_CP113255.1	1	1	0	1
plasmid__NZ_CP114189.1	1	1	0	1
plasmid__NZ_CP114722.1	1	1	0	1
plasmid__NZ_CP114724.1	1	1	0	1
plasmid__NZ_CP115638.1	1	1	0	1
plasmid__NZ_CP115993.1	2	1	0	1
plasmid__NZ_CP116431.1	2	1	0	1
plasmid__NZ_CP116530.1	1	1	0	1
plasmid__NZ_CP116963.1	1	1	0	1
plasmid__NZ_CP117009.1	1	1	0	1
plasmid__NZ_CP117153.1	1	1	0	1
plasmid__NZ_CP117228.1	1	1	0	1
plasmid__NZ_CP117815.1	1	1	0	1
plasmid__NZ_CP118756.1	1	1	0	1
plasmid__NZ_CP119807.1	1	1	0	1
plasmid__NZ_CP119811.1	1	1	0	1
plasmid__NZ_CP120344.1	1	1	0	1
plasmid__NZ_CP120418.1	1	1	0	1
plasmid__NZ_CP121116.1	2	1.0000000298	2.98030000678e-08	1
plasmid__NZ_CP121491.1	1	1	0	1
plasmid__NZ_CP121792.1	2	1	0	1
plasmid__NZ_CP123512.1	1	1	0	1
plasmid__NZ_CP123515.1	2	1	0	1
plasmid__NZ_CP123537.1	1	1	0	1
plasmid__NZ_CP123754.1	1	1	0	1
plasmid__NZ_CP124112.1	1	1	0	1
plasmid__NZ_CP126280.1	1	1	0	1
plasmid__NZ_CP126484.1	1	1	0	1
plasmid__NZ_CP129540.1	1	1	0	1
plasmid__NZ_CP129610.1	1	1	0	1
plasmid__NZ_CP130079.1	1	1	0	1
plasmid__NZ_CP130337.1	1	1	0	1
plasmid__NZ_CP131946.1	1	1	0	1
plasmid__NZ_CP132331.1	1	1	0	1
plasmid__NZ_CP132714.1	1	1	0	1
plasmid__NZ_CP133182.1	2	1.00000005961	5.96050000468e-08	1
plasmid__NZ_CZCZ02000002.1	1	1	0	1
plasmid__NZ_GG692896.1	1	1	0	1
plasmid__NZ_HG813245.1	1	1	0	1
plasmid__NZ_JAADCD010000003.1	1	1	0	1
plasmid__NZ_JAAEVH010000042.1	1	1	0	1
plasmid__NZ_JAAEVJ010000006.1	1	1	0	1
plasmid__NZ_JAAEVM010000044.1	1	1	0	1
plasmid__NZ_JABVAQ010000007.1	1	1	0	1
plasmid__NZ_JABXOW010000025.1	1	1	0	1
plasmid__NZ_JABXPX010000002.1	1	1	0	1
plasmid__NZ_JABXQG010000003.1	1	1	0	1
plasmid__NZ_JACGYD010000002.1	5	0.999999940395	5.96050000468e-08	1
plasmid__NZ_JACKZM010000383.1	1	1	0	1
plasmid__NZ_JACKZP010000271.1	1	1	0	1
plasmid__NZ_JADQDK010000002.1	1	1	0	1
plasmid__NZ_JAFIQE010000007.1	1	1	0	1
plasmid__NZ_JAFIQE010000008.1	1	1	0	1
plasmid__NZ_JAFIQG010000003.1	1	1	0	1
plasmid__NZ_JAFIQK010000005.1	1	1	0	1
plasmid__NZ_JAJATX010000035.1	1	1	0	1
plasmid__NZ_JAKRKC020000007.1	1	1	0	1
plasmid__NZ_JAOAOE010000007.1	1	1	0	1
plasmid__NZ_JAOZJM010000003.1	1	1	0	1
plasmid__NZ_JARVWN010000004.1	1	1	0	1
plasmid__NZ_JAUAMZ010000041.1	1	1	0	1
plasmid__NZ_JUFX02000007.1	1	1	0	1
plasmid__NZ_JX406743.1	1	1	0	1
plasmid__NZ_KM583821.1	1	1	0	1
plasmid__NZ_KT351737.1	1	1	0	1
plasmid__NZ_KX118105.1	1	1	0	1
plasmid__NZ_KX832926.1	1	1	0	1
plasmid__NZ_KY000031.1	1	1	0	1
plasmid__NZ_LAUF01000005.1	1	1	0	1
plasmid__NZ_LC537594.1	1	1	0	1
plasmid__NZ_LJGA01000018.1	2	1.00000005961	5.96050000468e-08	1
plasmid__NZ_LLBE01000024.1	1	1	0	1
plasmid__NZ_LN868945.1	3	1.00000000745	7.45060013685e-09	1
plasmid__NZ_LN906635.1	2	0.999999985099	1.49009999895e-08	1
plasmid__NZ_LR131949.1	1	1	0	1
plasmid__NZ_LR135259.1	1	1	0	1
plasmid__NZ_LR135271.1	1	1	0	1
plasmid__NZ_LR217721.1	1	1	0	1
plasmid__NZ_LR536451.1	2	1.0000000298	2.98019999789e-08	1
plasmid__NZ_LR697099.1	1	1	0	1
plasmid__NZ_LR890584.1	2	0.999999940395	5.96050000468e-08	1
plasmid__NZ_LR890737.1	1	1	0	1
plasmid__NZ_LR990743.1	1	1	0	1
plasmid__NZ_LT985269.1	1	1	0	1
plasmid__NZ_LVYK01000036.1	1	1	0	1
plasmid__NZ_LXQU01000015.1	1	1	0	1
plasmid__NZ_MF344562.1	1	1	0	1
plasmid__NZ_MF996510.1	1	1	0	1
plasmid__NZ_MG587003.1	1	1	0	1
plasmid__NZ_MH067974.1	1	1	0	1
plasmid__NZ_MH785239.1	1	1	0	1
plasmid__NZ_MK275619.1	1	1	0	1
plasmid__NZ_MK764029.1	1	1	0	1
plasmid__NZ_MN208062.1	1	1	0	1
plasmid__NZ_MN208064.1	3	0.999999985099	1.49009999895e-08	1
plasmid__NZ_MN336501.1	1	1	0	1
plasmid__NZ_MN657103.1	1	1	0	1
plasmid__NZ_MN909556.1	2	0.999999970197	2.98029999568e-08	1
plasmid__NZ_MT039142.1	1	1	0	1
plasmid__NZ_MT039155.1	1	1	0	1
plasmid__NZ_MT219824.1	1	1	0	1
plasmid__NZ_MT732187.1	1	1	0	1
plasmid__NZ_MW364930.1	1	1	0	1
plasmid__NZ_NOVT01000033.1	4	1.0000000149	1.49019998563e-08	1
plasmid__NZ_NOWC01000095.1	2	0.999999970198	2.98019999789e-08	1
plasmid__NZ_NOWT01000032.1	1	1	0	1
plasmid__NZ_OL763373.1	1	1	0	1
plasmid__NZ_OP378644.1	1	1	0	1
plasmid__NZ_OQ067800.1	1	1	0	1
plasmid__NZ_OU538996.1	1	1	0	1
plasmid__NZ_OU659132.1	2	1	0	1
plasmid__NZ_OX638611.1	1	1	0	1
plasmid__NZ_PDDQ01000069.1	1	1	0	1
plasmid__NZ_PGSB01000969.1	1	1	0	1
plasmid__NZ_PGSC01000737.1	1	1	0	1
plasmid__NZ_PXZQ01000003.1	1	1	0	1
plasmid__NZ_QKRJ01000031.1	1	1	0	1
plasmid__NZ_RRKO01000139.1	2	1.0000000298	2.98019999789e-08	1
plasmid__NZ_RRMP01000126.1	1	1	0	1
plasmid__NZ_RRNG01000139.1	1	1	0	1
plasmid__NZ_SIJQ01000004.1	2	1	0	1
plasmid__NZ_SIJS01000004.1	2	0.999999955296	4.47040000573e-08	1
plasmid__NZ_SIKE01000002.1	2	0.999999970197	2.98030000678e-08	1
plasmid__NZ_SMNK01000003.1	1	1	0	1
plasmid__NZ_SZVT01000099.1	1	1	0	1
plasmid__NZ_VKNF01000119.1	1	1	0	1
plasmid__NZ_WTXS01000006.1	1	1	0	1
plasmid__NZ_WTXS01000144.1	1	1	0	1
protozoa__NC_007344.1	23	0.999999967636	3.23636399902e-08	1
protozoa__NC_013781.1	1	1	0	1
protozoa__NC_025310.1	1	1	0	1
protozoa__NC_027219.1	9	0.99999992922	7.07803998745e-08	1
protozoa__NC_027413.1	1	1	0	1
protozoa__NC_027736.1	1	1	0	1
protozoa__NC_028331.1	1	1	0	1
protozoa__NC_031145.1	1	1	0	1
protozoa__NC_031328.1	1	1	0	1
protozoa__NC_035258.1	2	0.999999970197	2.98030000678e-08	1
protozoa__NC_035260.1	1	1	0	1
protozoa__NC_035271.1	1	1	0	1
protozoa__NC_038007.1	1	1	0	1
protozoa__NC_051306.1	23	1.00000005169	5.16883700286e-08	1
protozoa__NC_051860.1	35	1.00000004622	4.62176099614e-08	1
protozoa__NC_066462.1	1	1	0	1
protozoa__NC_070143.1	1	1	0	1
protozoa__NC_080230.1	6	1.00000000373	3.72549990857e-09	1
protozoa__NW_001799201.1	1	1	0	1
protozoa__NW_001849454.1	1	1	0	1
protozoa__NW_001849531.1	1	1	0	1
protozoa__NW_001853120.1	1	1	0	1
protozoa__NW_001853401.1	1	1	0	1
protozoa__NW_001855764.1	1	1	0	1
protozoa__NW_001859911.1	1	1	0	1
protozoa__NW_001914885.1	1	1	0	1
protozoa__NW_001915009.1	1	1	0	1
protozoa__NW_001915174.1	1	1	0	1
protozoa__NW_001915243.1	1	1	0	1
protozoa__NW_001915589.1	1	1	0	1
protozoa__NW_002196575.1	9	1.00000004657	4.65666398775e-08	1
protozoa__NW_002238038.1	2	1	0	1
protozoa__NW_002243505.1	1	1	0	1
protozoa__NW_002476004.1	1	1	0	1
protozoa__NW_002476056.1	1	1	0	1
protozoa__NW_002476162.1	1	1	0	1
protozoa__NW_002476552.1	1	1	0	1
protozoa__NW_003163242.1	2	1.0000000298	2.98019999789e-08	1
protozoa__NW_003163267.1	2	1	9.99200722163e-14	1
protozoa__NW_003163324.1	4	0.999999945052	5.49477300327e-08	1
protozoa__NW_003200361.1	1	1	0	1
protozoa__NW_003200708.1	1	1	0	1
protozoa__NW_003201902.1	1	1	0	1
protozoa__NW_003202385.1	5	0.999999935739	6.42605999523e-08	1
protozoa__NW_003206638.1	1	1	0	1
protozoa__NW_003208828.1	1	1	0	1
protozoa__NW_003210279.1	2	0.999999940396	5.96040000689e-08	1
protozoa__NW_003211431.1	1	1	0	1
protozoa__NW_003214279.1	1	1	0	1
protozoa__NW_003303457.1	1	1	0	1
protozoa__NW_003303668.1	3	1.00000004098	4.09786000688e-08	1
protozoa__NW_003304529.1	1	1	0	1
protozoa__NW_003519663.1	1	1	0	1
protozoa__NW_003519712.1	1	1	0	1
protozoa__NW_003519753.1	3	1.0000000447	4.47040000573e-08	1
protozoa__NW_003519775.1	1	1	0	1
protozoa__NW_003519885.1	1	1	0	1
protozoa__NW_004085919.1	3	0.999999985099	1.49009999895e-08	1
protozoa__NW_004086912.1	1	1	0	1
protozoa__NW_004087825.1	1	1	0	1
protozoa__NW_004191756.1	3	1.0000000596	5.96039999579e-08	1
protozoa__NW_004193819.1	1	1	0	1
protozoa__NW_004457267.1	1	1	0	1
protozoa__NW_004457632.1	1	1	0	1
protozoa__NW_004668230.1	22	0.99999996787	3.21302701112e-08	1
protozoa__NW_005178561.1	1	1	0	1
protozoa__NW_005196210.1	1	1	0	1
protozoa__NW_005197504.1	1	1	0	1
protozoa__NW_005197990.1	1	1	0	1
protozoa__NW_005198167.1	6	1.0000000596	5.9604199798e-08	1
protozoa__NW_005198701.1	1	1	0	1
protozoa__NW_005201792.1	9	1.0000000149	1.49007999273e-08	1
protozoa__NW_005434403.1	2	1.00000000745	7.45090011911e-09	1
protozoa__NW_005434543.1	1	1	0	1
protozoa__NW_005434627.1	2	1	0	1
protozoa__NW_005803638.1	1	1	0	1
protozoa__NW_008246182.1	1	1	0	1
protozoa__NW_008576575.1	1	1	0	1
protozoa__NW_008576612.1	1	1	0	1
protozoa__NW_008579002.1	1	1	0	1
protozoa__NW_008579213.1	1	1	0	1
protozoa__NW_008705565.1	31	1.00000010524	1.05239459813e-07	1
protozoa__NW_008705597.1	4	1.00000003539	3.53906000061e-08	1
protozoa__NW_008705647.1	1	1	0	1
protozoa__NW_008825626.1	3	0.999999992549	7.45129991042e-09	1
protozoa__NW_009798292.1	5	1.0000000596	5.96036999756e-08	1
protozoa__NW_011645944.1	1	1	0	1
protozoa__NW_011645955.1	1	1	0	1
protozoa__NW_012156427.1	8	1.00000003912	3.91151901979e-08	1
protozoa__NW_012156827.1	1	1	0	1
protozoa__NW_012157384.1	1	1	0	1
protozoa__NW_013545104.1	1	1	0	1
protozoa__NW_013545668.1	1	1	0	1
protozoa__NW_013549858.1	1	1	0	1
protozoa__NW_013549944.1	1	1	0	1
protozoa__NW_013550293.1	1	1	0	1
protozoa__NW_013564583.1	1	1	0	1
protozoa__NW_013564856.1	1	1	0	1
protozoa__NW_013566723.1	2	1.0000000298	2.98019999789e-08	1
protozoa__NW_013567394.1	1	1	0	1
protozoa__NW_013572008.1	1	1	0	1
protozoa__NW_013572037.1	1	1	0	1
protozoa__NW_013574902.1	1	1	0	1
protozoa__NW_013651756.1	1	1	0	1
protozoa__NW_013652004.1	1	1	0	1
protozoa__NW_013653863.1	1	1	0	1
protozoa__NW_013654366.1	1	1	0	1
protozoa__NW_013655353.1	1	1	0	1
protozoa__NW_014031795.1	1	1	0	1
protozoa__NW_014034250.1	1	1	0	1
protozoa__NW_014035894.1	1	1	0	1
protozoa__NW_014037344.1	1	1	0	1
protozoa__NW_014038399.1	1	1	0	1
protozoa__NW_014038745.1	1	1	0	1
protozoa__NW_014039495.1	1	1	0	1
protozoa__NW_014039536.1	2	1.00000001863	1.86263000579e-08	1
protozoa__NW_014039651.1	1	1	0	1
protozoa__NW_014039783.1	1	1	0	1
protozoa__NW_014039910.1	1	1	0	1
protozoa__NW_014040050.1	1	1	0	1
protozoa__NW_014040077.1	1	1	0	1
protozoa__NW_014040387.1	1	1	0	1
protozoa__NW_014040455.1	1	1	0	1
protozoa__NW_014569053.1	1	1	0	1
protozoa__NW_014569538.1	1	1	0	1
protozoa__NW_015438361.1	22	0.999999991152	8.84777984211e-09	1
protozoa__NW_020187100.1	1	1	0	1
protozoa__NW_020188273.1	2	1.00000005914	5.91391200455e-08	1
protozoa__NW_020189224.1	1	1	0	1
protozoa__NW_020312083.1	1	1	0	1
protozoa__NW_020312292.1	2	1	0	1
protozoa__NW_021628872.1	1	1	0	1
protozoa__NW_021629002.1	1	1	0	1
protozoa__NW_021639235.1	2	1.0000000298	2.98019999789e-08	1
protozoa__NW_021639821.1	2	1.0000000298	2.98030000678e-08	1
protozoa__NW_021639896.1	2	1	0	1
protozoa__NW_021704281.1	1	1	0	1
protozoa__NW_021705146.1	1	1	0	1
protozoa__NW_021705759.1	1	1	0	1
protozoa__NW_021705820.1	1	1	0	1
protozoa__NW_021706818.1	1	1	0	1
protozoa__NW_024011745.1	1	1	0	1
protozoa__NW_024015715.1	1	1	0	1
protozoa__NW_025408002.1	3	1.00000002235	2.23516001263e-08	1
protozoa__NW_666316.1	1	1	0	1
protozoa__NW_666658.1	1	1	0	1
protozoa__NW_667186.1	1	1	0	1
protozoa__NW_908847.1	1	1	0	1
virus__NC_001338.1	13	1.00000002515	2.51454099764e-08	1
virus__NC_001457.1	6	0.999999962747	3.72529999071e-08	1
virus__NC_001847.1	61	0.999999991153	8.84742989982e-09	1
virus__NC_001942.1	12	1.0000000298	2.98018001388e-08	1
virus__NC_002362.1	1	1	0	1
virus__NC_003024.1	1	1	0	1
virus__NC_003553.1	1	1	0	1
virus__NC_003645.1	1	1	0	1
virus__NC_003683.1	1	1	0	1
virus__NC_003907.2	40	0.999999999869	1.30953137223e-10	1
virus__NC_004180.1	2	0.999999970197	2.98029999568e-08	1
virus__NC_005261.3	18	1.00000000186	1.86259008217e-09	1
virus__NC_005817.1	4	1.0000000326	3.25964000236e-08	1
virus__NC_006015.1	1	1	0	1
virus__NC_006320.1	4	0.999999914319	8.5681400086e-08	1
virus__NC_006568.1	2	0.999999940395	5.96050000468e-08	1
virus__NC_007029.1	6	1.0000000596	5.96049001267e-08	1
virus__NC_007060.1	3	0.999999999999	1.00008890058e-12	1
virus__NC_007746.1	1	1	0	1
virus__NC_007753.1	2	0.999999975785	2.42145999918e-08	1
virus__NC_007756.1	2	1.00000000559	5.58750001822e-09	1
virus__NC_008283.1	1	1	0	1
virus__NC_008723.1	2	1.0000000149	1.49014001138e-08	1
virus__NC_008780.1	1	1	0	1
virus__NC_008857.1	3	1	2.00062189037e-13	1
virus__NC_008923.1	3	0.99999993667	6.3330099942e-08	1
virus__NC_008954.1	4	1.00000006705	6.7054999997e-08	1
virus__NC_008955.1	6	0.999999957625	4.23751300715e-08	1
virus__NC_009000.1	4	1.00000004098	4.09778500021e-08	1
virus__NC_009333.1	119	1.00000003913	3.91303318636e-08	1
virus__NC_009812.1	14	1.00000005437	5.43659601782e-08	1
virus__NC_009965.1	23	1.0000000468	4.6798399822e-08	1
virus__NC_010346.1	2	1.00000004843	4.84288000813e-08	1
virus__NC_010347.1	3	1.0000000298	2.98019999789e-08	1
virus__NC_010838.1	3	0.99999999255	7.45049999473e-09	1
virus__NC_011065.1	3	1.00000007264	7.26434998821e-08	1
virus__NC_011222.1	13	1.00000006176	6.17570259376e-08	1
virus__NC_011589.1	35	0.99999999936	6.3995020394e-10	1
virus__NC_013231.1	3	0.999999923631	7.63685999994e-08	1
virus__NC_013585.1	23	0.999999942025	5.79752399421e-08	1
virus__NC_014523.1	3	0.999999985565	1.44352100273e-08	1
virus__NC_014528.1	2	1.0000000149	1.49012999717e-08	1
virus__NC_014846.1	1	1	0	1
virus__NC_015135.1	1	1	0	1
virus__NC_016031.1	2	1.0000000298	2.98019999789e-08	1
virus__NC_017004.1	1	1	0	1
virus__NC_018860.1	2	1.0000000298	2.98019999789e-08	1
virus__NC_019407.1	1	1	0	1
virus__NC_019419.2	2	0.999999970198	2.98019999789e-08	1
virus__NC_019422.1	10	0.999999985099	1.49012000517e-08	1
virus__NC_019445.1	14	0.999999984167	1.58329001021e-08	1
virus__NC_020199.1	1	1	0	1
virus__NC_020868.1	1	1	0	1
virus__NC_020874.1	1	1	0	1
virus__NC_021061.1	8	0.999999992084	7.91605003769e-09	1
virus__NC_021190.1	13	1.00000000745	7.45049999473e-09	1
virus__NC_021298.1	1	1	0	1
virus__NC_021332.1	3	0.999999959022	4.09783199595e-08	1
virus__NC_021588.1	1	1	0	1
virus__NC_021855.1	1	1	0	1
virus__NC_022037.1	2	1	0	1
virus__NC_022061.1	17	1.00000007957	7.95688299693e-08	1
virus__NC_022334.1	1	1	0	1
virus__NC_023154.1	1	1	0	1
virus__NC_023560.1	6	1.00000003725	3.72533000004e-08	1
virus__NC_023698.1	1	1	0	1
virus__NC_023704.1	1	1	0	1
virus__NC_024363.1	1	1	0	1
virus__NC_024700.1	2	1.0000000298	2.98019999789e-08	1
virus__NC_024787.1	2	1.0000000298	2.98019999789e-08	1
virus__NC_024917.1	4	1.00000003725	3.72530200021e-08	1
virus__NC_025424.1	10	0.999999959021	4.09792000333e-08	1
virus__NC_025441.1	1	1	0	1
virus__NC_025841.1	1	1	0	1
virus__NC_025853.1	2	1	0	1
virus__NC_026162.1	3	1.0000000773	7.72998998144e-08	1
virus__NC_026513.1	3	1.0000000149	1.49008001493e-08	1
virus__NC_026611.1	18	1.00000003993	3.9930870166e-08	1
virus__NC_026642.1	3	0.999999994412	5.5881400618e-09	1
virus__NC_026800.1	2	0.999999970198	2.98019999789e-08	1
virus__NC_027059.1	3	1.0000000447	4.47035999329e-08	1
virus__NC_027197.1	3	0.999999996275	3.72499997514e-09	1
virus__NC_027204.1	1	1	0	1
virus__NC_027356.1	1	1	0	1
virus__NC_027387.1	1	1	0	1
virus__NC_027398.1	8	1.00000000931	9.31339982913e-09	1
virus__NC_027704.1	1	1	0	1
virus__NC_027994.1	6	1.00000001676	1.67639100379e-08	1
virus__NC_028091.1	28	1.00000000128	1.28077992656e-09	1
virus__NC_028257.1	23	1.00000004005	4.00473700868e-08	1
virus__NC_028496.1	4	0.999999937601	6.23985000336e-08	1
virus__NC_028652.1	2	1	0	1
virus__NC_028742.1	18	0.99999998929	1.07104218827e-08	1
virus__NC_028746.1	15	0.999999924563	7.54366399347e-08	1
virus__NC_028751.1	1	1	0	1
virus__NC_028825.1	1	1	0	1
virus__NC_028895.1	14	0.999999994703	5.29676502659e-09	1
virus__NC_028930.1	10	0.999999983819	1.61812699906e-08	1
virus__NC_029008.1	19	1.00000003912	3.911530011e-08	1
virus__NC_029627.1	2	0.999999970197	2.98030000678e-08	1
virus__NC_030200.1	121	1.0000000486	4.86030540259e-08	1
virus__NC_030226.1	1	1	0	1
virus__NC_030747.1	2	0.999999940396	5.96039999579e-08	1
virus__NC_030903.1	5	0.999999955762	4.42383000232e-08	1
virus__NC_031124.1	1	1	0	1
virus__NC_031264.1	40	1.00000005588	5.58795603123e-08	1
virus__NC_031937.1	2	1.00000005681	5.68107800802e-08	1
virus__NC_032153.1	4	1.00000001304	1.30379000929e-08	1
virus__NC_032232.1	4	0.999999917577	8.24226200624e-08	1
virus__NC_032508.1	4	1.0000000447	4.47040000573e-08	1
virus__NC_032937.1	5	1.00000003609	3.60888099404e-08	1
virus__NC_032964.1	5	0.999999930617	6.93832800103e-08	1
virus__NC_033028.1	4	0.999999985099	1.49010001005e-08	1
virus__NC_033286.1	2	1.0000000447	4.47040000573e-08	1
virus__NC_033290.1	1	1	0	1
virus__NC_033335.1	1	1	0	1
virus__NC_033765.1	2	1.0000000298	2.98019999789e-08	1
virus__NC_034463.1	2	0.999999992549	7.45100003918e-09	1
virus__NC_034496.1	1	1	0	1
virus__NC_035114.1	2	1.0000000298	2.98019999789e-08	1
virus__NC_035122.1	4	0.999999934574	6.54258001109e-08	1
virus__NC_035196.1	4	1.00000000559	5.58772006443e-09	1
virus__NC_035463.1	4	1.00000007078	7.07803999855e-08	1
virus__NC_038442.1	2	1	0	1
virus__NC_038491.1	3	1.00000005588	5.58796999783e-08	1
virus__NC_038571.1	2	1.00000003725	3.72530000181e-08	1
virus__NC_038612.1	1	1	0	1
virus__NC_038746.1	3	0.999999956693	4.33069500261e-08	1
virus__NC_038879.1	1	1	0	1
virus__NC_038971.1	1	1	0	1
virus__NC_040379.1	2	0.999999970198	2.98019999789e-08	1
virus__NC_040382.1	3	1.0000000447	4.47029999684e-08	1
virus__NC_040425.1	4	0.999999955762	4.42380299059e-08	1
virus__NC_040497.1	2	1.00000004284	4.2841200143e-08	1
virus__NC_040541.1	2	1.00000005216	5.21550000965e-08	1
virus__NC_040562.1	4	1.00000004284	4.28416000453e-08	1
virus__NC_040626.1	4	1.00000007451	7.45058601481e-08	1
virus__NC_040668.1	3	1.0000000298	2.98019999789e-08	1
virus__NC_040737.1	2	1.0000000298	2.98019999789e-08	1
virus__NC_040770.1	11	0.999999944353	5.5647070063e-08	1
virus__NC_040839.1	2	0.999999987893	1.21072000203e-08	1
virus__NC_040843.1	6	0.999999999535	4.64770000264e-10	1
virus__NC_041855.1	1	1	0	1
virus__NC_041894.1	2	0.999999970197	2.98030000678e-08	1
virus__NC_041915.1	1	1	0	1
virus__NC_042029.1	39	0.999999980092	1.9907749893e-08	1
virus__NC_042053.1	27	0.999999991385	8.61469895419e-09	1
virus__NC_042113.1	1	1	0	1
virus__NC_042125.1	3	1.00000005541	5.54136398989e-08	1
virus__NC_042318.1	1	1	0	1
virus__NC_042319.1	1	1	0	1
virus__NC_043554.1	2	1	2.99982261254e-13	1
virus__NC_043620.1	1	1	0	1
virus__NC_047770.1	2	0.999999964609	3.53906999262e-08	1
virus__NC_047774.1	1	1	0	1
virus__NC_047818.1	6	1.00000000745	7.45040007466e-09	1
virus__NC_047823.1	1	1	0	1
virus__NC_047899.1	1	1	0	1
virus__NC_047953.1	2	1	0	1
virus__NC_047992.1	47	1.00000006333	6.33313208542e-08	1
virus__NC_048088.1	1	1	0	1
virus__NC_048100.1	2	1	0	1
virus__NC_048704.1	1	1	0	1
virus__NC_048738.1	1	1	0	1
virus__NC_048791.1	3	0.999999970197	2.98030000678e-08	1
virus__NC_048814.1	6	1.0000000383	3.83008200711e-08	1
virus__NC_048830.1	2	0.999999941327	5.86732999963e-08	1
virus__NC_048862.1	10	1.00000000978	9.77942993252e-09	1
virus__NC_048872.1	1	1	0	1
virus__NC_049341.1	2	0.999999940396	5.96039999579e-08	1
virus__NC_049375.1	1	1	0	1
virus__NC_049429.1	27	0.999999965542	3.44582701262e-08	1
virus__NC_049435.1	35	1.0000000729	7.29049349779e-08	1
virus__NC_051586.1	63	1.00000005303	5.30343360339e-08	1
virus__NC_051595.1	2	1	0	1
virus__NC_051597.1	3	1.0000000298	2.98030000678e-08	1
virus__NC_051665.1	1	1	0	1
virus__NC_053236.1	1	1	0	1
virus__NC_053240.1	2	0.999999977649	2.23514000641e-08	1
virus__NC_054424.1	3	1.00000008941	8.94060001588e-08	1
virus__NC_054426.1	1	1	0	1
virus__NC_054804.1	2	0.999999970198	2.98019999789e-08	1
virus__NC_054893.1	45	0.9999999375	6.2500342124e-08	1
virus__NC_054963.1	5	1.00000000745	7.45099981714e-09	1
virus__NC_054966.1	17	1.00000003725	3.72526001158e-08	1
virus__NC_054976.1	1	1	0	1
virus__NC_054987.1	2	0.999999955297	4.47029999684e-08	1
virus__NC_055023.1	2	0.999999955296	4.470363002e-08	1
virus__NC_055026.1	37	1.00000004528	4.52849500121e-08	1
virus__NC_055133.1	1	1	0	1
virus__NC_055451.1	3	1.00000000373	3.72500008616e-09	1
virus__NC_055495.1	4	0.999999968802	3.11984998946e-08	1
virus__NC_055531.1	11	0.999999955762	4.42380198029e-08	1
virus__NC_055535.1	2	1.0000000298	2.98019999789e-08	1
virus__NC_055584.1	3	1.00000001118	1.1175600001e-08	1
virus__NC_055592.1	2	1.0000000298	2.98019999789e-08	1
virus__NC_055613.1	1	1	0	1
virus__NC_055622.1	2	1.0000000298	2.98019999789e-08	1
virus__NC_055625.1	4	1.00000002608	2.6077240145e-08	1
virus__NC_055708.1	1	1	0	1
